Time,Temp,Precip
1895-01-01,11.525407,74211.484
1895-02-01,13.477033,5563.963
1895-03-01,15.974886,1110.3701
1895-04-01,20.032337,296.8828
1895-05-01,23.8909,1550.4785
1895-06-01,26.699776,152.31152
1895-07-01,30.32776,29917.432
1895-08-01,29.971018,42701.832
1895-09-01,27.534513,10229.833
1895-10-01,22.446583,34158.805
1895-11-01,14.293579,35035.31
1895-12-01,9.960882,5780.129
1896-01-01,13.878148,25713.41
1896-02-01,14.706517,1349.6152
1896-03-01,16.817661,14707.698
1896-04-01,17.809738,1937.915
1896-05-01,23.52051,0.6386719
1896-06-01,30.076488,241.36621
1896-07-01,30.128397,104555.05
1896-08-01,30.541164,41755.4
1896-09-01,28.151575,31674.238
1896-10-01,22.333166,71144.92
1896-11-01,15.1562395,22865.621
1896-12-01,12.763861,18418.129
1897-01-01,12.27557,107519.64
1897-02-01,11.36404,25805.467
1897-03-01,12.497639,16164.505
1897-04-01,19.69533,669.58594
1897-05-01,24.868975,2216.9102
1897-06-01,27.42501,384.37695
1897-07-01,31.291027,8458.932
1897-08-01,31.408234,42683.914
1897-09-01,27.737358,49293.727
1897-10-01,19.887636,4822.827
1897-11-01,15.405007,5.6757812
1897-12-01,9.667149,11023.433
1898-01-01,8.450204,67201.875
1898-02-01,14.739529,1199.3096
1898-03-01,13.924783,12555.049
1898-04-01,21.183493,3170.1963
1898-05-01,22.31696,1638.3506
1898-06-01,28.622444,6587.998
1898-07-01,32.03665,25723.191
1898-08-01,31.398401,43364.195
1898-09-01,27.971888,750.6465
1898-10-01,20.670057,0.0
1898-11-01,13.777723,12509.217
1898-12-01,9.414726,60734.95
1899-01-01,10.184425,44323.21
1899-02-01,11.427319,9962.377
1899-03-01,14.679367,1113.2656
1899-04-01,19.22667,1492.2529
1899-05-01,20.293007,17.635742
1899-06-01,27.96477,6474.0967
1899-07-01,31.166975,42986.504
1899-08-01,28.961748,26728.715
1899-09-01,28.602541,33290.6
1899-10-01,19.286652,12114.249
1899-11-01,15.631835,23568.047
1899-12-01,11.518098,2753.7266
1900-01-01,12.334067,3068.1133
1900-02-01,12.859184,1781.0322
1900-03-01,17.79605,23334.055
1900-04-01,16.748678,40287.37
1900-05-01,23.539516,3266.5596
1900-06-01,28.47992,348.79102
1900-07-01,31.35726,18612.322
1900-08-01,28.091278,17324.785
1900-09-01,24.688135,4902.034
1900-10-01,21.015581,9856.118
1900-11-01,16.055628,51949.38
1900-12-01,11.407819,4.0
1901-01-01,10.27419,25465.83
1901-02-01,12.58556,58063.547
1901-03-01,14.377402,17077.56
1901-04-01,17.343424,1346.8232
1901-05-01,22.445375,2289.165
1901-06-01,26.242819,0.25390625
1901-07-01,32.190876,21230.8
1901-08-01,30.949566,36284.49
1901-09-01,25.854689,1838.457
1901-10-01,21.176369,17720.936
1901-11-01,16.309849,5785.923
1901-12-01,9.8091955,157.6709
1902-01-01,10.284474,34580.926
1902-02-01,12.187062,5208.627
1902-03-01,12.910343,18633.96
1902-04-01,19.524698,357.81445
1902-05-01,22.740301,2596.755
1902-06-01,28.385244,1055.9824
1902-07-01,29.417236,9886.413
1902-08-01,30.040413,25495.488
1902-09-01,26.740105,25717.863
1902-10-01,21.69924,1536.8652
1902-11-01,13.85296,52045.508
1902-12-01,10.037829,47587.227
1903-01-01,10.325302,2188.2412
1903-02-01,9.094079,22624.035
1903-03-01,14.095596,21607.299
1903-04-01,17.457516,6478.574
1903-05-01,22.413685,1390.2451
1903-06-01,27.296432,4414.866
1903-07-01,31.252953,23151.234
1903-08-01,31.50191,26196.312
1903-09-01,26.919943,61825.418
1903-10-01,21.646286,124.87598
1903-11-01,15.772389,0.0
1903-12-01,10.22567,3378.1953
1904-01-01,8.886206,5827.6416
1904-02-01,14.3369465,13021.986
1904-03-01,17.277546,7012.3086
1904-04-01,19.55174,28.131836
1904-05-01,23.760143,2218.1162
1904-06-01,28.326347,144.15527
1904-07-01,29.67447,70048.16
1904-08-01,30.21657,83169.195
1904-09-01,26.73099,14574.099
1904-10-01,20.539032,3536.2754
1904-11-01,15.197229,47.89453
1904-12-01,10.6978855,18256.393
1905-01-01,11.688214,103755.29
1905-02-01,12.597644,163945.7
1905-03-01,15.2323675,118036.83
1905-04-01,17.58106,46473.883
1905-05-01,20.517818,1800.2266
1905-06-01,27.955057,4570.287
1905-07-01,31.228964,11910.464
1905-08-01,32.24864,17052.406
1905-09-01,28.63222,39344.164
1905-10-01,21.32158,430.39355
1905-11-01,14.769766,116842.39
1905-12-01,9.214324,22746.834
1906-01-01,9.717281,9375.678
1906-02-01,13.744638,37704.227
1906-03-01,14.885937,35134.03
1906-04-01,17.683323,19285.133
1906-05-01,22.299946,518.81836
1906-06-01,27.870705,0.0
1906-07-01,32.15119,30663.29
1906-08-01,30.419546,132629.98
1906-09-01,26.766691,537.9668
1906-10-01,20.924938,509.3662
1906-11-01,13.446329,39420.656
1906-12-01,11.622326,96884.19
1907-01-01,10.619303,49255.98
1907-02-01,14.383341,13218.811
1907-03-01,14.883668,35618.805
1907-04-01,19.69319,6473.9277
1907-05-01,21.64148,10968.398
1907-06-01,26.062098,2960.4854
1907-07-01,31.374773,51390.758
1907-08-01,30.511576,54041.12
1907-09-01,27.98403,3869.5996
1907-10-01,21.411572,68478.766
1907-11-01,15.283673,6229.367
1907-12-01,11.02388,317.50488
1908-01-01,11.163719,21577.074
1908-02-01,11.964557,72637.82
1908-03-01,16.110394,18872.414
1908-04-01,19.775642,22890.875
1908-05-01,21.809652,1462.2705
1908-06-01,27.285803,1391.916
1908-07-01,31.656021,60093.543
1908-08-01,31.277727,33978.93
1908-09-01,27.374605,25828.52
1908-10-01,19.175024,19046.3
1908-11-01,16.024336,6939.589
1908-12-01,11.150118,102430.28
1909-01-01,12.507117,21636.184
1909-02-01,11.666897,28719.47
1909-03-01,13.206764,34796.78
1909-04-01,18.944902,815.54297
1909-05-01,21.896328,35.41797
1909-06-01,28.682219,441.32812
1909-07-01,31.609297,45166.742
1909-08-01,30.173277,93689.14
1909-09-01,27.14237,29015.826
1909-10-01,21.120104,0.0
1909-11-01,14.823662,19799.191
1909-12-01,8.631683,40464.68
1910-01-01,10.062275,34932.285
1910-02-01,11.592323,796.99805
1910-03-01,18.308659,16277.823
1910-04-01,20.562235,3704.4502
1910-05-01,25.482239,170.69238
1910-06-01,29.18954,3606.1367
1910-07-01,31.923548,33328.676
1910-08-01,31.661999,41468.016
1910-09-01,29.45227,2423.958
1910-10-01,21.839636,3809.1426
1910-11-01,15.701008,77458.03
1910-12-01,12.2943125,11590.8
1911-01-01,12.682574,68877.91
1911-02-01,11.505753,35107.973
1911-03-01,16.648378,19132.309
1911-04-01,18.923067,2189.8037
1911-05-01,22.69874,1.5146484
1911-06-01,28.272778,1963.3672
1911-07-01,30.688122,115407.414
1911-08-01,31.194021,35174.53
1911-09-01,27.779257,39468.234
1911-10-01,20.432434,54857.086
1911-11-01,14.005758,41.94922
1911-12-01,7.154894,6041.5654
1912-01-01,11.263934,0.0
1912-02-01,12.162257,396.4082
1912-03-01,14.265972,98056.0
1912-04-01,16.791569,28676.309
1912-05-01,22.767471,10552.91
1912-06-01,29.520866,4376.747
1912-07-01,29.507757,66865.586
1912-08-01,29.279987,61706.48
1912-09-01,25.24709,1703.6582
1912-10-01,19.771841,45220.7
1912-11-01,14.93196,279.7578
1912-12-01,8.551386,26758.852
1913-01-01,7.766006,18787.404
1913-02-01,11.424007,80145.8
1913-03-01,12.768034,2496.88
1913-04-01,18.67119,21785.945
1913-05-01,22.482058,320.6455
1913-06-01,27.36178,952.7549
1913-07-01,29.863111,27722.908
1913-08-01,30.662323,28183.07
1913-09-01,27.676392,9662.693
1913-10-01,20.225521,4475.0938
1913-11-01,16.218596,59404.336
1913-12-01,9.876907,16873.236
1914-01-01,11.779287,22408.582
1914-02-01,12.216107,37569.957
1914-03-01,16.965418,24147.57
1914-04-01,19.716568,2545.4492
1914-05-01,23.783812,5698.593
1914-06-01,28.85318,6996.662
1914-07-01,31.478153,30076.674
1914-08-01,31.430168,30370.688
1914-09-01,28.79715,7816.5205
1914-10-01,21.742485,89493.984
1914-11-01,17.639877,34772.223
1914-12-01,9.299602,129418.664
1915-01-01,9.146574,81455.125
1915-02-01,11.337758,53077.625
1915-03-01,14.022215,16141.226
1915-04-01,18.410877,34726.258
1915-05-01,20.907084,8697.923
1915-06-01,27.993084,7382.5283
1915-07-01,30.713633,37758.93
1915-08-01,31.113611,28393.133
1915-09-01,26.134968,10681.5
1915-10-01,22.146542,464.37988
1915-11-01,14.481303,30770.59
1915-12-01,9.956094,103789.29
1916-01-01,9.803891,132500.17
1916-02-01,14.378971,13885.756
1916-03-01,17.222614,29970.186
1916-04-01,19.360113,7320.1035
1916-05-01,22.57184,1621.5537
1916-06-01,28.055325,0.0
1916-07-01,31.12196,47090.08
1916-08-01,29.77673,39818.617
1916-09-01,26.6033,89280.24
1916-10-01,18.585037,32329.121
1916-11-01,13.154424,0.0
1916-12-01,8.12742,22535.691
1917-01-01,8.999656,86745.26
1917-02-01,11.558776,32066.8
1917-03-01,12.917932,6154.8096
1917-04-01,17.379715,37790.67
1917-05-01,20.206617,16867.863
1917-06-01,28.745855,27.09961
1917-07-01,32.059402,94756.7
1917-08-01,29.821798,15770.247
1917-09-01,28.147848,19222.322
1917-10-01,22.552822,1165.0283
1917-11-01,16.156696,0.0
1917-12-01,12.433527,0.0
1918-01-01,9.230846,58734.67
1918-02-01,12.160054,23330.807
1918-03-01,15.758413,46689.844
1918-04-01,18.584635,1336.9736
1918-05-01,21.371674,709.9238
1918-06-01,31.078619,9953.652
1918-07-01,31.00666,51580.75
1918-08-01,28.628325,86557.484
1918-09-01,28.015509,19678.336
1918-10-01,21.719143,16344.958
1918-11-01,13.694378,34674.004
1918-12-01,9.485629,62616.684
1919-01-01,9.689387,15495.354
1919-02-01,9.827418,40517.48
1919-03-01,13.045461,35156.32
1919-04-01,19.738537,7555.7744
1919-05-01,23.764893,5133.833
1919-06-01,29.109238,1742.4082
1919-07-01,30.66515,92279.26
1919-08-01,30.81186,52335.125
1919-09-01,27.219545,66775.52
1919-10-01,18.671091,15568.512
1919-11-01,13.686792,77510.19
1919-12-01,11.513936,11399.865
1920-01-01,10.990413,70539.06
1920-02-01,13.37826,59602.664
1920-03-01,13.545813,50131.93
1920-04-01,16.534105,656.9824
1920-05-01,23.351189,7725.2666
1920-06-01,27.760874,4025.3389
1920-07-01,31.790388,20570.914
1920-08-01,29.536135,47139.66
1920-09-01,26.352568,11751.544
1920-10-01,18.889706,32602.54
1920-11-01,14.372949,1176.2207
1920-12-01,9.02431,2267.2178
1921-01-01,9.970192,14954.909
1921-02-01,13.192766,6580.997
1921-03-01,17.161537,8736.865
1921-04-01,17.930798,6567.331
1921-05-01,22.038275,5737.3516
1921-06-01,28.683084,406.37207
1921-07-01,31.033646,71445.58
1921-08-01,29.806057,89212.625
1921-09-01,27.128769,17632.148
1921-10-01,22.455345,16837.305
1921-11-01,15.448487,4953.413
1921-12-01,12.797675,60149.938
1922-01-01,8.456257,66325.65
1922-02-01,11.343819,21039.85
1922-03-01,12.404694,42042.746
1922-04-01,16.116346,9820.521
1922-05-01,23.811321,10541.729
1922-06-01,29.386404,6677.1855
1922-07-01,32.116837,29500.312
1922-08-01,30.891376,47277.25
1922-09-01,28.863813,19671.854
1922-10-01,21.642986,2010.3018
1922-11-01,12.404305,31787.184
1922-12-01,12.013821,16908.447
1923-01-01,12.167967,17842.918
1923-02-01,12.076796,21849.594
1923-03-01,13.722429,32093.84
1923-04-01,18.214935,3332.3174
1923-05-01,24.535593,4999.2227
1923-06-01,26.391531,9.438477
1923-07-01,30.988977,48104.117
1923-08-01,29.974468,39022.41
1923-09-01,26.20174,30114.992
1923-10-01,19.211697,9685.129
1923-11-01,14.669019,84215.5
1923-12-01,10.156182,99305.67
1924-01-01,8.925534,96.990234
1924-02-01,13.731335,54.106445
1924-03-01,12.225807,46868.01
1924-04-01,17.014057,10698.519
1924-05-01,24.95107,4666.4893
1924-06-01,30.179106,366.41797
1924-07-01,31.437237,16721.93
1924-08-01,30.958447,8822.006
1924-09-01,28.22335,12042.9375
1924-10-01,19.961039,20912.332
1924-11-01,15.33339,4139.3525
1924-12-01,9.348284,52113.47
1925-01-01,9.2088785,2268.9277
1925-02-01,13.759772,1834.5381
1925-03-01,16.217257,9005.487
1925-04-01,19.219011,24416.918
1925-05-01,24.944153,696.4717
1925-06-01,28.024126,9298.596
1925-07-01,32.031563,19246.129
1925-08-01,30.063496,47535.43
1925-09-01,26.70803,52075.6
1925-10-01,19.39816,53475.676
1925-11-01,13.754272,9812.613
1925-12-01,11.099331,14982.59
1926-01-01,8.4740305,16271.798
1926-02-01,13.087901,14739.708
1926-03-01,16.135895,42153.086
1926-04-01,19.489716,49273.836
1926-05-01,23.420147,8700.747
1926-06-01,29.803009,557.54395
1926-07-01,31.189468,61600.996
1926-08-01,30.287983,20615.408
1926-09-01,28.239601,69315.3
1926-10-01,22.27556,7238.6484
1926-11-01,15.528823,2224.9023
1926-12-01,9.959833,101033.125
1927-01-01,12.007364,4021.6816
1927-02-01,13.5373745,75641.48
1927-03-01,13.903957,28732.252
1927-04-01,18.397484,18407.023
1927-05-01,23.804382,4361.0605
1927-06-01,27.855904,8463.75
1927-07-01,32.06924,15166.986
1927-08-01,30.216825,59166.992
1927-09-01,27.483797,56776.957
1927-10-01,21.394484,22733.393
1927-11-01,16.795422,16701.31
1927-12-01,9.511051,50405.85
1928-01-01,10.783793,2073.6729
1928-02-01,11.874043,42871.81
1928-03-01,16.470917,4395.1436
1928-04-01,18.462633,779.4004
1928-05-01,25.078838,2764.005
1928-06-01,28.519629,0.30664062
1928-07-01,32.137245,29901.488
1928-08-01,30.2747,39030.33
1928-09-01,28.422245,16248.828
1928-10-01,21.84519,17853.967
1928-11-01,14.957736,6568.0723
1928-12-01,10.468901,29315.066
1929-01-01,9.115243,35940.98
1929-02-01,10.61056,14178.309
1929-03-01,14.131419,7485.751
1929-04-01,17.318188,12954.117
1929-05-01,23.91452,120.56738
1929-06-01,28.481718,391.56836
1929-07-01,31.826054,36907.59
1929-08-01,30.75723,74913.625
1929-09-01,27.563097,36945.16
1929-10-01,22.364582,2931.6611
1929-11-01,13.432806,3031.877
1929-12-01,12.322941,6.1416016
1930-01-01,9.5467005,65204.53
1930-02-01,14.669591,7675.716
1930-03-01,14.680168,65940.97
1930-04-01,20.722748,7922.843
1930-05-01,20.694864,25466.943
1930-06-01,28.867691,4848.88
1930-07-01,31.629868,34668.938
1930-08-01,30.481329,55617.664
1930-09-01,26.521563,22657.848
1930-10-01,19.928953,9948.173
1930-11-01,14.635582,36608.836
1930-12-01,10.022757,810.2539
1931-01-01,10.226986,7419.4307
1931-02-01,13.249301,137033.08
1931-03-01,15.276029,1679.7012
1931-04-01,20.36017,21807.588
1931-05-01,25.11081,1451.0068
1931-06-01,28.817427,4368.4336
1931-07-01,33.58267,42729.098
1931-08-01,30.267834,103817.34
1931-09-01,28.313107,14095.703
1931-10-01,21.404633,19146.81
1931-11-01,13.22556,77083.15
1931-12-01,8.726638,53535.742
1932-01-01,7.1532016,13252.746
1932-02-01,12.311233,87636.8
1932-03-01,15.165234,5470.461
1932-04-01,18.702448,4625.751
1932-05-01,23.163887,71.24414
1932-06-01,28.121054,6574.449
1932-07-01,31.998844,37721.918
1932-08-01,31.390085,34056.23
1932-09-01,29.04021,14169.616
1932-10-01,20.78864,45189.4
1932-11-01,16.213093,2.9160156
1932-12-01,8.486827,69283.27
1933-01-01,8.205209,98061.26
1933-02-01,8.6995125,9989.061
1933-03-01,15.070606,5.1884766
1933-04-01,16.494558,28905.365
1933-05-01,20.787476,1872.2461
1933-06-01,29.028349,4128.2617
1933-07-01,33.526695,20626.77
1933-08-01,31.869806,28412.375
1933-09-01,29.29072,32941.688
1933-10-01,23.829233,24920.574
1933-11-01,16.226255,34521.438
1933-12-01,11.333076,2066.2979
1934-01-01,11.040933,10602.476
1934-02-01,14.835616,23364.133
1934-03-01,19.242664,2898.7861
1934-04-01,21.968407,5863.1836
1934-05-01,26.879992,6885.037
1934-06-01,26.84488,4344.619
1934-07-01,33.019028,9053.425
1934-08-01,30.703476,77571.41
1934-09-01,27.754333,8761.267
1934-10-01,22.533169,106.42285
1934-11-01,15.530129,26984.604
1934-12-01,12.120159,55112.945
1935-01-01,11.159853,53128.625
1935-02-01,13.393029,81357.72
1935-03-01,13.223292,40100.883
1935-04-01,18.825304,6038.1104
1935-05-01,21.434649,6138.615
1935-06-01,29.539705,247.6123
1935-07-01,31.685566,20882.42
1935-08-01,30.75483,88996.67
1935-09-01,28.023201,47679.953
1935-10-01,21.019974,654.63965
1935-11-01,13.085478,24120.457
1935-12-01,11.214786,14411.053
1936-01-01,10.290315,29240.65
1936-02-01,12.118024,37301.18
1936-03-01,16.423023,22527.04
1936-04-01,20.775734,783.626
1936-05-01,25.583237,529.43164
1936-06-01,30.559326,928.5947
1936-07-01,32.483395,58035.41
1936-08-01,31.325357,35871.543
1936-09-01,27.324808,15733.439
1936-10-01,21.280647,12415.663
1936-11-01,15.223486,22155.105
1936-12-01,10.718699,68275.766
1937-01-01,5.0588145,48053.41
1937-02-01,11.333248,30605.766
1937-03-01,14.266638,58342.13
1937-04-01,18.401226,795.61523
1937-05-01,24.164764,2542.416
1937-06-01,28.303137,6026.55
1937-07-01,32.281204,31763.754
1937-08-01,31.82484,32790.68
1937-09-01,29.328335,29567.914
1937-10-01,22.350956,382.31445
1937-11-01,15.527635,706.6963
1937-12-01,12.580165,23588.223
1938-01-01,11.602182,14385.91
1938-02-01,12.24503,34747.875
1938-03-01,13.673051,42879.133
1938-04-01,19.186247,1913.7451
1938-05-01,23.48124,1847.832
1938-06-01,28.579702,6432.502
1938-07-01,31.169386,19886.754
1938-08-01,30.945074,37837.742
1938-09-01,29.295134,8159.868
1938-10-01,21.020983,377.64453
1938-11-01,12.345724,8.408203
1938-12-01,11.949337,62520.195
1939-01-01,10.359676,18987.965
1939-02-01,8.129233,26848.656
1939-03-01,15.641194,9442.796
1939-04-01,20.612228,4207.3867
1939-05-01,24.448298,35.36133
1939-06-01,28.66665,0.0
1939-07-01,32.21893,12231.153
1939-08-01,31.219091,62705.395
1939-09-01,27.054682,113347.67
1939-10-01,20.279427,2964.1494
1939-11-01,16.964441,34760.3
1939-12-01,13.366626,3332.3496
1940-01-01,12.034772,5800.0674
1940-02-01,12.6213255,30965.21
1940-03-01,16.699879,1457.6768
1940-04-01,20.24886,11329.127
1940-05-01,26.449152,2360.0186
1940-06-01,30.74505,1401.8174
1940-07-01,32.224354,9934.741
1940-08-01,31.809612,29528.861
1940-09-01,28.35504,53800.652
1940-10-01,22.045174,67369.76
1940-11-01,13.696737,14614.371
1940-12-01,13.154101,131917.86
1941-01-01,11.514028,45654.18
1941-02-01,13.532088,72303.95
1941-03-01,13.796601,124013.555
1941-04-01,15.309064,50457.027
1941-05-01,23.30855,22642.574
1941-06-01,26.556316,707.8086
1941-07-01,31.064468,38718.22
1941-08-01,29.316217,53305.156
1941-09-01,25.742254,33495.996
1941-10-01,19.035112,18552.066
1941-11-01,15.670227,43448.273
1941-12-01,11.125711,64666.023
1942-01-01,10.938955,19391.863
1942-02-01,10.398949,23941.486
1942-03-01,13.840537,14959.676
1942-04-01,17.953915,31028.35
1942-05-01,22.565237,0.0
1942-06-01,27.8123,0.0
1942-07-01,32.993855,35026.918
1942-08-01,30.566765,38482.59
1942-09-01,28.083601,13537.449
1942-10-01,21.115866,12366.296
1942-11-01,16.524057,1040.2168
1942-12-01,12.164778,14934.936
1943-01-01,11.072638,38022.402
1943-02-01,14.415241,6196.4766
1943-03-01,16.494562,27201.871
1943-04-01,20.777388,7397.0127
1943-05-01,24.66528,195.74316
1943-06-01,27.798332,332.71582
1943-07-01,32.171017,7591.62
1943-08-01,30.152979,92958.125
1943-09-01,28.83286,46667.51
1943-10-01,21.756422,16008.251
1943-11-01,15.540121,0.7138672
1943-12-01,11.014701,58794.96
1944-01-01,9.854499,13147.618
1944-02-01,10.523757,88362.555
1944-03-01,13.140052,32814.484
1944-04-01,17.064724,15760.539
1944-05-01,22.938026,15682.14
1944-06-01,25.782795,15.3984375
1944-07-01,30.8358,27953.951
1944-08-01,31.67675,15327.018
1944-09-01,27.756313,24435.438
1944-10-01,22.740286,14267.016
1944-11-01,13.368137,51700.746
1944-12-01,11.151304,31157.314
1945-01-01,9.928295,50858.08
1945-02-01,12.2892275,6556.3193
1945-03-01,12.398832,56355.133
1945-04-01,17.86637,239.45215
1945-05-01,23.191486,18.74414
1945-06-01,26.475237,0.7832031
1945-07-01,32.047577,47094.938
1945-08-01,31.239378,41267.33
1945-09-01,28.394468,2732.3984
1945-10-01,22.834002,23164.867
1945-11-01,14.327963,0.0
1945-12-01,9.688134,22372.18
1946-01-01,9.864743,32001.7
1946-02-01,11.10439,6428.3594
1946-03-01,15.513843,3364.4668
1946-04-01,21.908844,7409.3184
1946-05-01,23.364353,337.39746
1946-06-01,29.466423,0.0
1946-07-01,31.589855,48604.96
1946-08-01,31.074705,48995.17
1946-09-01,28.172628,111243.64
1946-10-01,18.568874,10190.864
1946-11-01,12.344179,34324.793
1946-12-01,12.15126,23882.996
1947-01-01,9.016584,2060.877
1947-02-01,14.286762,8575.082
1947-03-01,15.869205,512.1406
1947-04-01,18.891384,93.07617
1947-05-01,25.205147,10357.983
1947-06-01,27.684248,20.729492
1947-07-01,32.5145,14094.94
1947-08-01,30.229727,77981.414
1947-09-01,29.537556,17012.66
1947-10-01,21.74434,8431.046
1947-11-01,12.2559805,26010.594
1947-12-01,9.262828,23157.555
1948-01-01,10.524514,306.4121
1948-02-01,10.864812,29606.752
1948-03-01,12.41098,14770.791
1948-04-01,19.748684,167.07422
1948-05-01,23.542442,0.0
1948-06-01,27.866322,2684.2021
1948-07-01,31.837652,30826.975
1948-08-01,31.760931,38242.766
1948-09-01,28.879099,2096.123
1948-10-01,22.511572,31107.781
1948-11-01,12.371426,7.741211
1948-12-01,9.797715,38830.434
1949-01-01,5.7548885,87338.4
1949-02-01,10.149003,7199.9717
1949-03-01,14.166835,11041.248
1949-04-01,20.40352,10023.152
1949-05-01,23.073484,1267.0869
1949-06-01,28.814934,7801.299
1949-07-01,31.557512,21993.377
1949-08-01,30.185503,30082.328
1949-09-01,29.633728,44826.684
1949-10-01,19.824535,20267.75
1949-11-01,17.774864,11147.759
1949-12-01,10.392689,37195.086
1950-01-01,9.126448,17223.504
1950-02-01,14.1725235,27479.152
1950-03-01,15.803452,12807.257
1950-04-01,21.223812,19.503906
1950-05-01,22.747105,455.6123
1950-06-01,28.026455,2699.2764
1950-07-01,30.871958,48564.98
1950-08-01,30.895485,14219.122
1950-09-01,26.487982,17918.186
1950-10-01,24.537222,19.009766
1950-11-01,17.299393,6366.5605
1950-12-01,13.8136015,312.18652
1951-01-01,10.174266,59443.07
1951-02-01,12.208687,9027.109
1951-03-01,14.588883,9889.498
1951-04-01,18.730135,33737.008
1951-05-01,23.759533,8216.129
1951-06-01,27.236595,0.0
1951-07-01,32.588875,49201.875
1951-08-01,30.026815,205471.98
1951-09-01,28.029972,7449.3916
1951-10-01,21.742842,27620.686
1951-11-01,14.436739,33507.42
1951-12-01,10.133722,31484.994
1952-01-01,9.427525,32862.504
1952-02-01,11.403539,10639.282
1952-03-01,11.645839,89926.33
1952-04-01,18.53086,46090.81
1952-05-01,25.236187,128.78125
1952-06-01,27.955172,5327.8633
1952-07-01,31.144737,35570.8
1952-08-01,31.739449,38298.297
1952-09-01,29.453096,15159.724
1952-10-01,24.65702,0.0
1952-11-01,13.263708,83719.61
1952-12-01,9.9435835,31375.318
1953-01-01,12.286891,8044.9766
1953-02-01,11.523745,22956.332
1953-03-01,15.59433,26401.742
1953-04-01,18.352417,2505.5127
1953-05-01,20.346828,2747.1162
1953-06-01,28.220682,176.77832
1953-07-01,32.284237,63438.57
1953-08-01,31.026741,36482.76
1953-09-01,28.712837,2.584961
1953-10-01,21.620209,1158.4326
1953-11-01,15.968573,3150.9492
1953-12-01,9.438202,3599.919
1954-01-01,10.664541,43946.24
1954-02-01,15.715718,18493.703
1954-03-01,14.122022,55486.0
1954-04-01,21.532228,71.69238
1954-05-01,24.690071,5089.549
1954-06-01,27.979666,5485.6787
1954-07-01,32.284405,60571.914
1954-08-01,30.263714,24997.63
1954-09-01,29.054071,29143.57
1954-10-01,23.08892,2447.7725
1954-11-01,17.067251,383.94238
1954-12-01,11.388429,1548.8877
1955-01-01,8.3985815,90319.58
1955-02-01,9.843398,1982.918
1955-03-01,14.961555,244.96289
1955-04-01,17.724072,1425.169
1955-05-01,22.695929,267.02148
1955-06-01,27.885778,7568.7734
1955-07-01,29.646791,103855.95
1955-08-01,29.77087,98916.47
1955-09-01,28.112293,776.89355
1955-10-01,24.03501,5437.672
1955-11-01,14.7738695,5784.573
1955-12-01,12.653305,8628.598
1956-01-01,12.67965,16375.152
1956-02-01,9.58988,14649.403
1956-03-01,15.810315,0.41601562
1956-04-01,18.476086,2565.3643
1956-05-01,24.607063,262.1494
1956-06-01,30.262947,3129.2627
1956-07-01,31.30886,26125.688
1956-08-01,30.04597,21698.918
1956-09-01,29.960777,1208.415
1956-10-01,21.146265,16793.096
1956-11-01,14.006288,96.93945
1956-12-01,11.100317,875.1045
1957-01-01,11.293172,85187.23
1957-02-01,15.715466,13638.935
1957-03-01,15.739635,21391.812
1957-04-01,18.535742,11321.992
1957-05-01,21.76961,11911.213
1957-06-01,30.065184,6825.8926
1957-07-01,32.790424,33786.14
1957-08-01,30.927626,28313.395
1957-09-01,28.083986,264.5
1957-10-01,20.745626,85823.234
1957-11-01,12.800007,9159.986
1957-12-01,12.090708,6500.421
1958-01-01,10.947035,1149.6191
1958-02-01,13.802905,48522.953
1958-03-01,12.978731,54898.297
1958-04-01,18.413212,26181.742
1958-05-01,26.83681,3650.9424
1958-06-01,29.899956,6109.7334
1958-07-01,32.51391,16541.375
1958-08-01,31.901342,43124.21
1958-09-01,28.58604,67028.52
1958-10-01,23.337334,18060.633
1958-11-01,15.086897,10182.476
1958-12-01,13.274152,0.53027344
1959-01-01,11.597896,7162.494
1959-02-01,11.187794,44050.812
1959-03-01,16.155945,54.426758
1959-04-01,21.711264,2420.6055
1959-05-01,22.84132,943.63086
1959-06-01,30.941261,2815.7031
1959-07-01,33.47867,20754.328
1959-08-01,30.309795,83921.92
1959-09-01,27.517332,4742.8096
1959-10-01,22.101934,62127.695
1959-11-01,15.689855,20337.598
1959-12-01,11.306703,116949.45
1960-01-01,8.350781,40829.758
1960-02-01,9.854773,10036.851
1960-03-01,16.959202,16310.538
1960-04-01,19.935905,164.36426
1960-05-01,23.642601,1781.2305
1960-06-01,31.121567,679.4873
1960-07-01,32.669952,17938.533
1960-08-01,31.469023,42263.027
1960-09-01,29.162527,19596.68
1960-10-01,20.939129,33613.336
1960-11-01,15.376826,4411.343
1960-12-01,10.227777,3506.7812
1961-01-01,12.270325,12432.46
1961-02-01,13.337135,460.06445
1961-03-01,15.117302,21795.695
1961-04-01,19.857258,460.0957
1961-05-01,23.237072,29.572266
1961-06-01,30.659775,1809.9775
1961-07-01,32.37065,28999.035
1961-08-01,30.734715,74643.4
1961-09-01,26.538252,19257.508
1961-10-01,21.015635,9129.475
1961-11-01,13.345394,3163.832
1961-12-01,10.399518,50889.0
1962-01-01,9.967858,53371.938
1962-02-01,12.721964,30571.613
1962-03-01,12.255192,24371.625
1962-04-01,21.951742,263.31934
1962-05-01,22.345364,566.79395
1962-06-01,27.944685,4973.243
1962-07-01,31.807495,10684.36
1962-08-01,32.682243,9537.662
1962-09-01,28.631754,35571.89
1962-10-01,22.161612,3339.92
1962-11-01,17.22255,11062.89
1962-12-01,12.58189,27337.242
1963-01-01,8.90084,14747.744
1963-02-01,15.67503,31860.836
1963-03-01,14.768699,15709.786
1963-04-01,17.575087,7871.8066
1963-05-01,25.46282,15.31543
1963-06-01,26.774792,78.06836
1963-07-01,32.831104,2486.1377
1963-08-01,30.260736,98798.305
1963-09-01,29.31117,14585.721
1963-10-01,23.676847,44753.246
1963-11-01,15.640999,42117.836
1963-12-01,11.0511055,906.08594
1964-01-01,8.488767,7394.536
1964-02-01,9.603661,2818.503
1964-03-01,13.191778,27011.3
1964-04-01,18.196255,4005.8818
1964-05-01,23.152777,320.57324
1964-06-01,27.9606,288.23828
1964-07-01,32.492172,45010.363
1964-08-01,29.93484,78508.34
1964-09-01,26.877533,38941.734
1964-10-01,23.885614,17626.023
1964-11-01,13.032659,21766.906
1964-12-01,11.067567,34773.48
1965-01-01,11.543924,57037.82
1965-02-01,11.764159,50656.645
1965-03-01,13.344522,38173.37
1965-04-01,18.01269,46195.42
1965-05-01,21.907866,11886.499
1965-06-01,25.36313,4912.874
1965-07-01,32.032673,27277.441
1965-08-01,31.29785,26518.582
1965-09-01,26.152916,30089.176
1965-10-01,23.221897,3201.7285
1965-11-01,16.809542,42868.582
1965-12-01,11.253885,157430.25
1966-01-01,8.932773,24914.16
1966-02-01,9.860094,47784.99
1966-03-01,15.986212,6795.591
1966-04-01,20.46514,448.3291
1966-05-01,25.603302,135.83789
1966-06-01,29.252083,2638.08
1966-07-01,32.500523,16418.586
1966-08-01,31.699778,53800.758
1966-09-01,27.995104,69947.01
1966-10-01,21.332863,15391.105
1966-11-01,16.045454,19231.516
1966-12-01,11.103735,16693.258
1967-01-01,10.170635,9965.619
1967-02-01,13.189762,23.081055
1967-03-01,16.343885,13495.544
1967-04-01,16.044794,10857.148
1967-05-01,23.369,3405.9385
1967-06-01,27.311995,7328.1445
1967-07-01,32.354206,58127.95
1967-08-01,31.714437,27817.562
1967-09-01,27.84306,47678.293
1967-10-01,22.801924,12939.431
1967-11-01,17.295115,45348.43
1967-12-01,8.412829,146382.47
1968-01-01,10.836877,8766.642
1968-02-01,15.004455,38696.848
1968-03-01,15.243475,41093.43
1968-04-01,18.312449,3600.5596
1968-05-01,23.703512,200.55371
1968-06-01,29.214733,847.4043
1968-07-01,31.19333,48604.812
1968-08-01,29.021376,50897.336
1968-09-01,27.7932,335.9043
1968-10-01,21.92989,15609.937
1968-11-01,15.088639,31294.043
1968-12-01,9.129017,23405.0
1969-01-01,12.616869,57294.26
1969-02-01,11.565924,31324.936
1969-03-01,13.384839,19703.098
1969-04-01,19.693052,2338.8936
1969-05-01,25.143738,13467.043
1969-06-01,27.573114,0.20605469
1969-07-01,32.657925,20373.79
1969-08-01,33.24983,47909.695
1969-09-01,29.05109,34673.97
1969-10-01,19.762,8282.627
1969-11-01,15.640579,40626.812
1969-12-01,11.948309,18193.23
1970-01-01,10.227723,1884.8369
1970-02-01,14.419801,13347.881
1970-03-01,14.251972,84157.82
1970-04-01,16.78585,2547.8848
1970-05-01,24.828527,38.112305
1970-06-01,29.39621,1059.7354
1970-07-01,33.319614,25930.031
1970-08-01,31.944492,45239.746
1970-09-01,26.488176,91601.125
1970-10-01,19.593523,7433.634
1970-11-01,15.541504,2925.8994
1970-12-01,10.5033455,19349.598
1971-01-01,10.375953,4268.4873
1971-02-01,12.521622,13501.3
1971-03-01,16.083992,94.728516
1971-04-01,18.22887,4024.6133
1971-05-01,21.724722,3981.8242
1971-06-01,28.272648,0.0
1971-07-01,32.891132,21010.14
1971-08-01,29.857128,101185.336
1971-09-01,27.640535,36782.742
1971-10-01,18.605688,26469.164
1971-11-01,14.180234,1302.5908
1971-12-01,9.155462,20984.074
1972-01-01,9.820699,0.4501953
1972-02-01,13.9158745,3.2128906
1972-03-01,19.762735,1.7685547
1972-04-01,19.94516,14.254883
1972-05-01,24.043318,3165.9336
1972-06-01,29.385714,11212.372
1972-07-01,33.2224,16022.26
1972-08-01,30.509815,33498.855
1972-09-01,27.590282,12475.723
1972-10-01,20.58446,109561.36
1972-11-01,12.664215,35266.688
1972-12-01,9.614898,51921.508
1973-01-01,9.09949,6063.375
1973-02-01,12.354722,65974.75
1973-03-01,11.708113,74451.64
1973-04-01,17.691574,2521.9219
1973-05-01,25.143938,7300.418
1973-06-01,29.471764,5136.9863
1973-07-01,32.03127,22997.32
1973-08-01,31.58867,16787.955
1973-09-01,27.083445,1.1132812
1973-10-01,21.990313,0.34765625
1973-11-01,14.658984,33850.9
1973-12-01,11.746537,38.347656
1974-01-01,10.6256695,42282.32
1974-02-01,11.889019,412.92578
1974-03-01,16.22336,39701.137
1974-04-01,19.225286,704.41504
1974-05-01,24.392183,1.0644531
1974-06-01,31.453606,12.77832
1974-07-01,31.413034,44365.168
1974-08-01,30.288858,42208.285
1974-09-01,28.364176,25505.344
1974-10-01,22.383701,71612.92
1974-11-01,14.891461,13458.534
1974-12-01,8.940547,25462.23
1975-01-01,10.149431,4677.385
1975-02-01,11.353611,14618.651
1975-03-01,13.724136,34933.734
1975-04-01,15.319801,20155.531
1975-05-01,22.440794,159.86426
1975-06-01,27.914286,0.0
1975-07-01,32.128918,23882.512
1975-08-01,31.05319,6599.046
1975-09-01,28.198606,28639.584
1975-10-01,20.978329,6507.8926
1975-11-01,14.844041,29983.31
1975-12-01,11.140465,31832.11
1976-01-01,11.2221365,1793.541
1976-02-01,14.281546,50520.8
1976-03-01,14.479683,12787.486
1976-04-01,17.876627,29082.71
1976-05-01,24.841898,15853.727
1976-06-01,29.069458,427.3838
1976-07-01,31.670742,42386.64
1976-08-01,30.51523,12802.065
1976-09-01,26.546898,87370.53
1976-10-01,20.46578,27902.85
1976-11-01,15.7254505,15703.104
1976-12-01,11.173323,19022.14
1977-01-01,10.609682,34373.69
1977-02-01,13.950675,2003.0479
1977-03-01,13.223443,9386.886
1977-04-01,19.97016,5506.993
1977-05-01,21.296244,9019.494
1977-06-01,30.092476,1745.4688
1977-07-01,32.720325,16178.839
1977-08-01,32.070496,26086.287
1977-09-01,28.288723,37758.258
1977-10-01,23.570498,30280.242
1977-11-01,16.783411,3916.038
1977-12-01,13.638906,27782.123
1978-01-01,11.6040325,101486.39
1978-02-01,12.822868,92452.66
1978-03-01,16.867018,102812.63
1978-04-01,18.350796,13258.891
1978-05-01,23.555016,3773.9834
1978-06-01,30.465528,2992.5527
1978-07-01,32.478027,23931.094
1978-08-01,30.647602,52576.387
1978-09-01,27.893364,3351.629
1978-10-01,23.906254,33086.812
1978-11-01,14.891764,78652.81
1978-12-01,9.393516,88185.16
1979-01-01,8.418241,112613.23
1979-02-01,11.755883,6115.742
1979-03-01,14.329221,80515.91
1979-04-01,18.823477,1704.7275
1979-05-01,23.491915,19835.482
1979-06-01,29.449545,1703.8418
1979-07-01,31.864162,20085.309
1979-08-01,29.588848,50686.28
1979-09-01,30.206774,4443.327
1979-10-01,22.908503,4128.1104
1979-11-01,13.788701,5085.758
1979-12-01,12.495965,4045.8213
1980-01-01,12.398449,77852.086
1980-02-01,14.374085,108442.2
1980-03-01,14.114753,38108.3
1980-04-01,19.00538,17037.926
1980-05-01,21.792711,4984.505
1980-06-01,29.151722,1025.9961
1980-07-01,33.295223,21204.785
1980-08-01,31.0422,26535.248
1980-09-01,28.287691,10819.604
1980-10-01,22.249966,3819.9639
1980-11-01,16.050684,11.09082
1980-12-01,14.373051,4042.1406
1981-01-01,13.457192,28108.61
1981-02-01,14.182417,27921.672
1981-03-01,15.01186,49217.54
1981-04-01,21.169945,9097.558
1981-05-01,23.943115,6033.55
1981-06-01,31.389896,2019.6133
1981-07-01,32.728153,30283.41
1981-08-01,32.313965,29454.93
1981-09-01,28.694336,19628.938
1981-10-01,20.370571,26426.8
1981-11-01,16.707436,37719.555
1981-12-01,12.699351,44.911133
1982-01-01,10.574946,33908.36
1982-02-01,13.757182,34385.75
1982-03-01,14.590325,69700.94
1982-04-01,19.287428,680.9092
1982-05-01,23.5109,17663.287
1982-06-01,27.46636,67.61035
1982-07-01,31.213522,35812.0
1982-08-01,31.472616,73994.42
1982-09-01,27.767086,33533.844
1982-10-01,20.2585,858.5654
1982-11-01,14.578889,75931.29
1982-12-01,10.42046,78023.5
1983-01-01,11.684247,35104.535
1983-02-01,12.422427,52267.273
1983-03-01,14.471544,104366.18
1983-04-01,16.443512,10844.764
1983-05-01,23.596308,157.50293
1983-06-01,27.899515,0.3173828
1983-07-01,31.988518,16847.594
1983-08-01,30.664387,113659.65
1983-09-01,29.834402,90953.17
1983-10-01,22.165102,30223.617
1983-11-01,15.003733,19584.145
1983-12-01,12.114655,54848.78
1984-01-01,11.881892,10613.893
1984-02-01,12.820343,6.638672
1984-03-01,16.63075,100.93945
1984-04-01,18.61721,25287.906
1984-05-01,27.111153,3561.371
1984-06-01,28.667511,5641.491
1984-07-01,31.26548,108919.25
1984-08-01,30.324974,55939.195
1984-09-01,28.711273,84734.836
1984-10-01,19.484304,14750.619
1984-11-01,14.5380745,36069.492
1984-12-01,10.425671,122719.984
1985-01-01,10.392228,34149.79
1985-02-01,11.703442,28003.523
1985-03-01,14.811137,16419.527
1985-04-01,21.42173,10964.515
1985-05-01,25.065071,71.90039
1985-06-01,30.44251,46.411133
1985-07-01,32.600094,41112.93
1985-08-01,31.673874,23378.922
1985-09-01,25.185015,51730.727
1985-10-01,21.431862,42816.227
1985-11-01,14.413438,78532.484
1985-12-01,11.6079855,31724.113
1986-01-01,14.249755,6757.3877
1986-02-01,14.01834,40530.145
1986-03-01,18.218586,51480.766
1986-04-01,20.374577,1771.4912
1986-05-01,24.769022,2136.9482
1986-06-01,30.603004,4176.745
1986-07-01,30.80717,55455.457
1986-08-01,32.21932,49644.695
1986-09-01,25.458504,20434.451
1986-10-01,20.519068,34859.695
1986-11-01,15.572176,9747.452
1986-12-01,11.255347,45757.887
1987-01-01,10.297688,26161.625
1987-02-01,12.773818,60180.613
1987-03-01,14.6759,9267.197
1987-04-01,22.256962,2148.253
1987-05-01,24.565542,7034.541
1987-06-01,30.165117,1877.0596
1987-07-01,30.530977,17307.0
1987-08-01,30.838995,39086.9
1987-09-01,27.778294,17488.664
1987-10-01,24.184225,40636.547
1987-11-01,14.907334,42938.914
1987-12-01,9.409481,49987.01
1988-01-01,10.5492325,38834.06
1988-02-01,14.4351425,16128.745
1988-03-01,16.188221,4621.662
1988-04-01,19.550463,44738.805
1988-05-01,24.192276,1.6386719
1988-06-01,30.054838,2812.373
1988-07-01,32.725132,31970.791
1988-08-01,31.023443,90492.016
1988-09-01,27.28434,2041.3008
1988-10-01,24.940035,38989.844
1988-11-01,15.44127,20478.324
1988-12-01,11.083346,3908.6523
1989-01-01,10.373692,59464.074
1989-02-01,13.599859,1238.0674
1989-03-01,18.266678,31242.053
1989-04-01,23.312675,10.37207
1989-05-01,25.039944,1891.8594
1989-06-01,29.443531,273.60254
1989-07-01,33.060436,29963.107
1989-08-01,30.769821,26979.723
1989-09-01,28.671146,7685.619
1989-10-01,22.214754,21375.273
1989-11-01,16.494265,3042.4434
1989-12-01,11.459655,14387.66
1990-01-01,10.754043,36051.57
1990-02-01,11.436491,25616.047
1990-03-01,16.723705,18048.484
1990-04-01,21.079086,8707.686
1990-05-01,23.660557,5873.457
1990-06-01,30.74217,5089.586
1990-07-01,31.606697,73127.84
1990-08-01,29.783491,75383.3
1990-09-01,28.221123,66649.75
1990-10-01,22.70568,9801.016
1990-11-01,16.17454,13394.294
1990-12-01,9.456807,35060.375
1991-01-01,10.919561,26496.105
1991-02-01,16.00086,24065.414
1991-03-01,13.016762,107383.22
1991-04-01,18.52059,0.0
1991-05-01,22.787088,34.319336
1991-06-01,27.24372,270.4912
1991-07-01,31.443937,6533.255
1991-08-01,31.413116,21949.865
1991-09-01,28.187798,21788.91
1991-10-01,23.747654,26962.547
1991-11-01,15.25848,31228.059
1991-12-01,12.002365,65737.39
1992-01-01,11.204106,52047.23
1992-02-01,14.283217,82115.555
1992-03-01,15.282942,94273.1
1992-04-01,21.50063,14743.597
1992-05-01,25.261381,24702.88
1992-06-01,28.569069,2591.4326
1992-07-01,31.151775,50774.33
1992-08-01,30.87625,85965.19
1992-09-01,28.976957,6594.994
1992-10-01,23.200895,7683.449
1992-11-01,13.461077,1631.3809
1992-12-01,9.777069,121617.39
1993-01-01,12.191594,173419.78
1993-02-01,12.404819,114979.91
1993-03-01,16.23064,41547.05
1993-04-01,20.175009,10.393555
1993-05-01,25.536701,4906.956
1993-06-01,28.992498,317.06055
1993-07-01,30.54811,2327.3125
1993-08-01,30.729853,64605.4
1993-09-01,28.003197,3780.0361
1993-10-01,22.263157,29775.115
1993-11-01,14.1668415,80775.086
1993-12-01,11.106117,2008.5479
1994-01-01,11.644957,4601.871
1994-02-01,11.924866,35285.04
1994-03-01,16.942558,41716.48
1994-04-01,20.324064,6244.3936
1994-05-01,23.531261,15290.864
1994-06-01,31.302166,986.81836
1994-07-01,32.393475,20848.324
1994-08-01,33.182842,19391.562
1994-09-01,29.108238,33231.535
1994-10-01,21.01891,12217.616
1994-11-01,13.053171,19965.63
1994-12-01,11.789833,83298.97
1995-01-01,11.26327,81290.766
1995-02-01,15.960443,29944.945
1995-03-01,16.201904,36791.57
1995-04-01,18.23898,11013.012
1995-05-01,22.102568,1815.3457
1995-06-01,27.790003,212.18652
1995-07-01,32.454166,4118.0107
1995-08-01,33.220383,46757.105
1995-09-01,30.053797,27421.832
1995-10-01,22.956758,26.74414
1995-11-01,18.284227,26478.115
1995-12-01,12.59822,409.58203
1996-01-01,12.078405,1824.0303
1996-02-01,15.507998,32570.133
1996-03-01,16.64377,18309.273
1996-04-01,21.20939,52.554688
1996-05-01,25.850407,50.285156
1996-06-01,30.715416,153.32617
1996-07-01,33.41556,42557.555
1996-08-01,32.55403,39658.96
1996-09-01,27.087065,41782.496
1996-10-01,22.027891,4401.8164
1996-11-01,16.524502,7792.7803
1996-12-01,12.12135,1281.3525
1997-01-01,11.792504,38280.562
1997-02-01,12.888478,23830.02
1997-03-01,18.701185,1700.6152
1997-04-01,19.561827,13526.142
1997-05-01,27.753815,2149.038
1997-06-01,28.331482,623.8096
1997-07-01,31.830673,4924.0186
1997-08-01,32.191017,54117.89
1997-09-01,29.9609,36591.832
1997-10-01,21.589909,8528.498
1997-11-01,16.074709,5217.461
1997-12-01,10.098534,56497.15
1998-01-01,11.8922,15467.365
1998-02-01,10.9486885,145140.88
1998-03-01,14.818744,58826.07
1998-04-01,16.984789,9800.331
1998-05-01,22.137222,2464.1895
1998-06-01,27.10466,475.98535
1998-07-01,32.942894,52591.734
1998-08-01,32.80352,45174.195
1998-09-01,29.032135,38461.227
1998-10-01,21.246786,24375.557
1998-11-01,15.4380865,14639.902
1998-12-01,11.335631,16127.618
1999-01-01,12.331474,1628.4688
1999-02-01,13.990104,13403.329
1999-03-01,16.433252,6208.123
1999-04-01,17.152472,41527.86
1999-05-01,23.944588,216.22168
1999-06-01,29.115116,4568.54
1999-07-01,31.222578,87232.5
1999-08-01,31.722158,44389.832
1999-09-01,28.946964,38601.055
1999-10-01,24.032185,1.4130859
1999-11-01,18.121603,0.0
1999-12-01,11.328115,16.923828
2000-01-01,12.962533,3635.2383
2000-02-01,14.473537,7141.834
2000-03-01,15.9143715,71725.99
2000-04-01,21.969921,782.56055
2000-05-01,27.023989,4.283203
2000-06-01,30.74769,10399.564
2000-07-01,32.75433,4221.2207
2000-08-01,31.957561,42690.785
2000-09-01,29.824102,292.81348
2000-10-01,21.091442,107195.36
2000-11-01,11.802662,18227.904
2000-12-01,12.12816,237.28906
2001-01-01,10.5777235,67141.8
2001-02-01,11.954292,33012.637
2001-03-01,16.238892,34976.887
2001-04-01,19.490602,22395.55
2001-05-01,27.612207,1830.6406
2001-06-01,30.830719,1342.1895
2001-07-01,32.332253,26175.156
2001-08-01,32.07184,38314.92
2001-09-01,30.380394,688.9795
2001-10-01,23.624115,6415.2393
2001-11-01,17.684502,4872.824
2001-12-01,9.981146,22653.066
2002-01-01,11.114336,2752.8252
2002-02-01,13.819011,10.719727
2002-03-01,15.496082,2484.0127
2002-04-01,21.83827,1835.0576
2002-05-01,24.517433,2.618164
2002-06-01,31.087683,0.6191406
2002-07-01,33.235928,23774.754
2002-08-01,32.16218,5438.6895
2002-09-01,29.433102,42027.125
2002-10-01,21.237011,15369.965
2002-11-01,16.740814,18016.445
2002-12-01,10.761541,13670.028
2003-01-01,14.90739,18669.492
2003-02-01,13.127034,117287.05
2003-03-01,15.674696,34706.336
2003-04-01,18.397322,5134.5713
2003-05-01,25.399765,119.90918
2003-06-01,29.747099,5.9628906
2003-07-01,33.876442,23125.729
2003-08-01,32.34883,58344.73
2003-09-01,29.74139,27612.38
2003-10-01,25.61061,5464.13
2003-11-01,14.611745,33909.137
2003-12-01,11.663967,14664.846
2004-01-01,12.159241,17557.533
2004-02-01,11.499362,31311.543
2004-03-01,20.502455,27082.477
2004-04-01,20.48855,34811.406
2004-05-01,25.83699,14.952148
2004-06-01,29.721472,22.79004
2004-07-01,32.325077,22327.086
2004-08-01,31.495972,22780.65
2004-09-01,28.573008,22405.883
2004-10-01,21.258312,56442.754
2004-11-01,13.843216,48444.23
2004-12-01,11.443401,73863.516
2005-01-01,12.397428,83156.38
2005-02-01,13.370437,129086.15
2005-03-01,15.231271,20037.309
2005-04-01,19.514244,7125.7734
2005-05-01,25.3829,256.81152
2005-06-01,29.271814,1211.6816
2005-07-01,33.447605,26537.29
2005-08-01,31.312778,56548.855
2005-09-01,28.916084,5744.992
2005-10-01,22.833786,13515.971
2005-11-01,16.968761,1130.3203
2005-12-01,11.915487,17.703125
2006-01-01,12.211642,61.782227
2006-02-01,14.293739,52.73242
2006-03-01,14.556897,46795.36
2006-04-01,19.933456,1003.19824
2006-05-01,26.487684,1129.1396
2006-06-01,32.084713,2931.2998
2006-07-01,33.952305,34417.02
2006-08-01,31.761639,57109.305
2006-09-01,27.484873,49871.234
2006-10-01,21.838312,13839.7295
2006-11-01,17.17667,67.62207
2006-12-01,10.632205,9014.042
2007-01-01,9.886711,23048.023
2007-02-01,13.723731,13781.464
2007-03-01,18.332087,26897.838
2007-04-01,20.56111,5500.926
2007-05-01,25.909065,865.7178
2007-06-01,30.439056,4.1884766
2007-07-01,33.099068,47052.855
2007-08-01,33.086174,27003.863
2007-09-01,29.421484,15222.377
2007-10-01,22.88446,405.7207
2007-11-01,18.656979,31817.857
2007-12-01,9.722272,75206.41
2008-01-01,10.625547,74444.72
2008-02-01,12.552189,23710.203
2008-03-01,16.74227,373.28613
2008-04-01,20.328342,0.37890625
2008-05-01,23.124157,18449.793
2008-06-01,31.017761,181.78809
2008-07-01,32.752785,50414.996
2008-08-01,31.991411,73363.09
2008-09-01,29.625664,9173.429
2008-10-01,23.19997,680.7715
2008-11-01,17.513824,22798.25
2008-12-01,11.4326105,56998.832
2009-01-01,13.146668,6201.5674
2009-02-01,13.681116,33753.926
2009-03-01,17.156378,252.97656
2009-04-01,19.504656,9838.592
2009-05-01,27.40899,12069.964
2009-06-01,28.564892,662.20996
2009-07-01,34.253574,20052.14
2009-08-01,32.331104,16641.172
2009-09-01,29.711153,11387.938
2009-10-01,21.066046,120.91992
2009-11-01,17.346338,682.98926
2009-12-01,10.149008,27143.44
2010-01-01,12.32609,123738.54
2010-02-01,13.187519,40725.145
2010-03-01,14.979491,32666.566
2010-04-01,18.77443,648.3623
2010-05-01,22.806293,7.970703
2010-06-01,29.52416,150.70605
2010-07-01,33.49033,31341.941
2010-08-01,32.13336,35148.207
2010-09-01,30.218071,6114.0986
2010-10-01,22.778572,20575.426
2010-11-01,14.779007,2664.3018
2010-12-01,13.4605875,40765.53
2011-01-01,11.291188,185.86719
2011-02-01,10.914151,30705.627
2011-03-01,17.317846,6816.2305
2011-04-01,20.922258,10326.674
2011-05-01,23.18647,1265.7988
2011-06-01,29.378107,3.21875
2011-07-01,32.648388,28095.145
2011-08-01,34.14992,16969.146
2011-09-01,30.073238,11414.187
2011-10-01,23.432003,5607.379
2011-11-01,15.256243,27785.305
2011-12-01,9.941382,45777.6
2012-01-01,12.962058,897.7656
2012-02-01,13.2768345,2002.5381
2012-03-01,16.29709,19443.8
2012-04-01,21.286034,3834.6094
2012-05-01,26.217604,1426.8672
2012-06-01,30.94682,166.38672
2012-07-01,32.051746,49107.438
2012-08-01,32.82211,52462.523
2012-09-01,29.05996,31221.406
2012-10-01,23.297916,1496.6357
2012-11-01,17.686733,2585.2734
2012-12-01,11.509411,40006.184
2013-01-01,9.994475,50906.0
2013-02-01,11.590465,15895.398
2013-03-01,18.312729,23660.168
2013-04-01,20.993542,1407.4668
2013-05-01,25.653194,3.7490234
2013-06-01,31.407057,0.29589844
2013-07-01,32.990726,37537.83
2013-08-01,32.02312,47615.574
2013-09-01,28.46822,43418.277
2013-10-01,20.689022,2601.954
2013-11-01,16.718037,78859.24
2013-12-01,11.275906,13645.943
2014-01-01,13.624451,5.8203125
2014-02-01,15.45568,246.86719
2014-03-01,18.050314,34753.15
2014-04-01,21.002783,728.6162
2014-05-01,25.473738,13.908203
2014-06-01,30.662134,0.23730469
2014-07-01,32.93343,34997.734
2014-08-01,30.228626,104210.82
2014-09-01,29.123495,98697.31
2014-10-01,23.70654,13525.985
2014-11-01,16.528345,60.07715
2014-12-01,12.151292,43191.742
2015-01-01,12.834718,42654.03
2015-02-01,16.379322,8162.004
2015-03-01,19.54148,32779.36
2015-04-01,20.460382,9677.135
2015-05-01,22.781017,24942.596
2015-06-01,31.159634,9510.6875
2015-07-01,31.890083,21266.977
2015-08-01,33.475746,23701.494
2015-09-01,29.786348,30070.418
2015-10-01,23.72477,41965.766
2015-11-01,14.453802,12296.455
2015-12-01,10.380181,10659.143
2016-01-01,10.949004,53803.79
2016-02-01,16.526417,5887.504
2016-03-01,18.672752,323.93262
2016-04-01,20.686237,13636.488
2016-05-01,23.721306,6391.161
2016-06-01,32.303024,4589.199
2016-07-01,34.006386,8182.704
2016-08-01,31.561043,60244.75
2016-09-01,28.027266,16210.897
2016-10-01,24.79633,6278.7227
2016-11-01,17.546698,26107.238
2016-12-01,12.684306,58330.3
2017-01-01,11.133218,48978.023
2017-02-01,14.737972,55727.406
2017-03-01,19.35482,5122.424
2017-04-01,21.517813,297.48633
2017-05-01,24.931194,4003.3516
2017-06-01,31.906155,6.8916016
2017-07-01,33.22796,59950.15
2017-08-01,32.420242,35236.59
2017-09-01,28.192677,5251.3506
2017-10-01,24.567024,33.01758
2017-11-01,19.659595,119.07129
2017-12-01,13.817318,4582.756
2018-01-01,14.667959,14985.114
2018-02-01,13.458497,20174.041
2018-03-01,16.988668,3954.8262
2018-04-01,22.750841,55.219727
2018-05-01,25.584606,964.8096
2018-06-01,30.608847,4888.782
2018-07-01,33.256927,72086.94
2018-08-01,32.40255,60137.695
2018-09-01,30.750423,9732.169
2018-10-01,20.890789,103055.06
2018-11-01,15.376483,10111.677
2018-12-01,11.381182,10891.883
2019-01-01,11.557964,37597.656
2019-02-01,10.081917,86581.18
2019-03-01,16.309008,26904.713
2019-04-01,21.297594,3559.3545
2019-05-01,21.724028,9988.297
2019-06-01,29.744022,1.7509766
2019-07-01,33.54267,15183.256
2019-08-01,33.648506,13990.6
2019-09-01,28.964315,79028.086
2019-10-01,21.648832,0.7363281
2019-11-01,16.784935,100038.164
2019-12-01,11.36387,49946.285
2020-01-01,11.943631,6158.1543
2020-02-01,13.148782,48469.195
2020-03-01,15.693292,87913.92
2020-04-01,20.572807,1535.0215
2020-05-01,27.330353,633.1377
2020-06-01,30.370306,38.90625
2020-07-01,34.42915,1447.3936
2020-08-01,34.821514,13351.518
2020-09-01,30.526575,370.417
2020-10-01,24.768084,163.00488
2020-11-01,17.712395,1294.0645
2020-12-01,11.625057,15013.232
2021-01-01,11.7954235,37730.613
2021-02-01,13.870087,1489.2715
2021-03-01,15.50777,8324.657
2021-04-01,21.989292,881.1748
2021-05-01,25.211483,124.08203
2021-06-01,32.16402,3782.8027
2021-07-01,32.31034,101967.05
2021-08-01,31.555307,90349.805
2021-09-01,29.259731,26798.566
2021-10-01,21.082283,13606.571
2021-11-01,18.988539,64.481445
2021-12-01,12.886306,74129.65
2022-01-01,12.06193,4097.5283
2022-02-01,12.744928,13892.082
2022-03-01,16.914217,9427.498
2022-04-01,21.49694,15.506836
2022-05-01,25.546661,0.0
2022-06-01,31.660707,7559.3037
2022-07-01,33.353535,43470.6
2022-08-01,31.633846,89255.44
2022-09-01,30.007656,32415.297
2022-10-01,22.42392,25603.598
2022-11-01,13.0806675,9692.833
2022-12-01,10.831283,57720.766
2023-01-01,10.011647,57684.742
2023-02-01,11.454886,33036.3
2023-03-01,13.793013,50199.926
2023-04-01,20.364372,63.164062
2023-05-01,24.716393,3710.6816
2023-06-01,27.627716,4.7128906
2023-07-01,35.532043,3529.914
2023-08-01,33.34256,16871.008
2023-09-01,28.99983,25842.504
2023-10-01,23.845432,344.81836
2023-11-01,17.342651,9687.997
2023-12-01,13.089845,38901.555
2024-01-01,10.605154,46276.207
2024-02-01,13.421594,56598.715
2024-03-01,15.150568,46251.57
2024-04-01,19.688505,11788.715
2024-05-01,24.875906,207.46582
2024-06-01,32.130455,4735.1875
2024-07-01,35.071766,22655.766
2024-08-01,33.641876,19964.203
2024-09-01,31.032701,860.89355
2024-10-01,25.670313,3805.4658
2024-11-01,14.460714,2327.6494
2024-12-01,14.216112,19.115234
2025-01-01,10.363307,1032.4287
2025-02-01,15.941146,1281.6064
2025-03-01,16.801775,35422.37
2025-04-01,20.151009,3699.4736
2025-05-01,25.235172,10614.486
2025-06-01,30.719877,9359.506
2025-07-01,33.034866,5118.657
2025-08-01,33.58577,29528.254
2025-09-01,29.341875,52944.438
2025-10-01,22.9812,72354.26
2025-11-01,18.195969,53266.953
2025-12-01,14.994953,2598.129
2026-01-01,13.603866,8019.672
2026-02-01,17.150984,12837.333
2026-03-01,23.317196,3099.919
2026-04-01,21.909725,665.5547
2026-05-01,25.614475,902.9541
