Time,Temp_Salt,Temp_Verde,Precip_Salt,Precip_Verde
1895-01-01,2.0165374,1.5487777,71669.25,134251.94
1895-02-01,2.4887345,3.5754113,17260.508,12643.464
1895-03-01,5.9150515,7.4707656,4439.287,9704.54
1895-04-01,9.875881,12.606539,2930.791,1849.8154
1895-05-01,14.626182,15.331393,10896.962,8430.881
1895-06-01,17.711035,17.756332,1595.7227,3723.21
1895-07-01,21.075556,22.687328,25615.307,13233.207
1895-08-01,20.277365,22.49692,58181.668,50875.734
1895-09-01,17.484217,19.246143,33494.438,18931.207
1895-10-01,12.078137,13.686603,35938.48,22790.02
1895-11-01,3.8533046,4.8840985,65461.344,65364.586
1895-12-01,-0.23844531,0.994251,11635.433,12630.311
1896-01-01,3.4766421,4.4238963,11795.478,14322.157
1896-02-01,3.4524891,4.9458704,9317.339,2684.4453
1896-03-01,6.879789,7.6850286,17251.773,36676.484
1896-04-01,8.672737,9.55437,4575.868,17369.46
1896-05-01,14.21352,15.633125,0.12695312,703.08496
1896-06-01,20.118198,21.822212,9297.087,437.91016
1896-07-01,20.268387,22.651192,63632.844,62807.566
1896-08-01,19.963116,22.465794,46173.844,67119.55
1896-09-01,17.400478,18.934992,49780.547,34924.348
1896-10-01,11.456062,13.327368,79486.766,81197.78
1896-11-01,6.1189156,6.571127,17361.92,20734.805
1896-12-01,2.9481547,4.0771136,13877.856,14833.664
1897-01-01,1.5619234,3.3753874,88131.51,89146.81
1897-02-01,1.7274797,3.5791328,26691.934,30496.906
1897-03-01,3.4142423,4.851777,31181.883,22109.207
1897-04-01,9.953378,10.393046,2058.1367,6033.3115
1897-05-01,15.4111395,16.638535,3520.121,7473.337
1897-06-01,17.992764,19.270315,4388.671,1765.624
1897-07-01,21.668463,23.05283,34403.914,15945.188
1897-08-01,21.478252,23.35676,53688.25,38734.8
1897-09-01,18.328758,19.170794,58064.402,79242.84
1897-10-01,11.696547,11.805616,18049.293,19213.287
1897-11-01,7.4350657,8.1889305,457.25293,559.0537
1897-12-01,1.3786141,1.2274706,16187.0205,21590.426
1898-01-01,-1.5343609,-0.1027754,62762.906,63046.383
1898-02-01,4.7507687,6.070341,4552.756,3640.1914
1898-03-01,5.421511,5.9110813,19718.031,22997.451
1898-04-01,12.485192,14.176384,16814.549,14250.833
1898-05-01,13.5639715,14.5786705,4762.2,22672.22
1898-06-01,20.029577,21.627064,31242.05,15588.01
1898-07-01,22.840954,24.188438,54615.0,41238.055
1898-08-01,21.896873,23.12366,69684.86,60251.89
1898-09-01,18.567411,19.565441,7347.163,422.29492
1898-10-01,12.023768,13.639547,0.47558594,0.0
1898-11-01,5.809672,6.9285154,15212.033,12434.498
1898-12-01,-1.5317594,-0.34737912,46839.516,48321.688
1899-01-01,-0.1605,0.36207193,23979.303,31419.646
1899-02-01,2.5785375,3.593306,13286.727,21665.229
1899-03-01,6.6003547,6.707017,4205.9404,8935.491
1899-04-01,10.247811,11.245215,6073.2715,1601.3945
1899-05-01,12.950472,11.9676075,60.08203,136.76562
1899-06-01,19.507349,20.016459,26529.676,18128.414
1899-07-01,22.288757,23.36748,56072.824,43946.875
1899-08-01,20.22916,21.18244,32494.273,21934.273
1899-09-01,18.974527,21.339666,26941.379,13588.923
1899-10-01,11.448567,11.339433,15589.833,29642.227
1899-11-01,6.6905203,7.955709,15528.507,16095.123
1899-12-01,3.2757032,3.8046384,3416.7393,7834.498
1900-01-01,4.5404515,5.3827934,5958.6816,7378.547
1900-02-01,3.207289,5.136402,9641.926,2619.2588
1900-03-01,9.280963,9.919816,23658.14,12755.185
1900-04-01,8.991835,7.40694,37419.195,67737.92
1900-05-01,15.917247,15.790183,5211.2246,7871.705
1900-06-01,20.210323,20.841637,781.4209,194.0
1900-07-01,22.704628,23.75773,15331.037,16053.218
1900-08-01,18.791851,20.245014,30423.992,29578.486
1900-09-01,16.328623,16.242512,49984.6,12089.464
1900-10-01,11.7822075,12.4665,16481.742,24834.77
1900-11-01,6.694075,7.831508,69492.625,43878.03
1900-12-01,2.1606624,3.654983,395.1875,15.155273
1901-01-01,2.6068282,2.7104132,62654.293,30859.258
1901-02-01,3.5067484,4.078774,62352.777,84949.33
1901-03-01,5.304822,6.444317,20314.062,15066.307
1901-04-01,6.945316,9.597046,7099.409,4150.8145
1901-05-01,13.769506,15.285523,24738.934,16807.441
1901-06-01,18.244585,19.333025,303.49316,855.3096
1901-07-01,23.61227,25.079466,55534.227,29818.676
1901-08-01,22.053339,23.574905,30962.52,37604.785
1901-09-01,18.06354,18.679548,10792.872,1195.5615
1901-10-01,12.835408,13.484836,25673.842,20163.97
1901-11-01,8.493825,8.981677,9117.6455,15590.051
1901-12-01,2.9196892,3.6630175,8797.078,317.58887
1902-01-01,2.904711,2.6816177,27427.205,31890.322
1902-02-01,4.668906,4.8564057,13002.636,19540.98
1902-03-01,4.700445,4.253251,11292.602,30377.246
1902-04-01,11.898905,12.172447,248.70215,3978.5684
1902-05-01,14.645402,14.749762,25832.023,5807.798
1902-06-01,21.223705,21.709112,5093.416,349.4795
1902-07-01,21.300854,22.350445,20821.986,13182.129
1902-08-01,21.607489,22.09487,42243.555,50633.227
1902-09-01,18.190565,19.158434,39017.1,20446.0
1902-10-01,13.257961,13.871528,2970.5586,288.9619
1902-11-01,5.988725,4.888299,42792.094,54881.04
1902-12-01,2.8443718,2.203546,55505.156,28568.61
1903-01-01,2.6247406,2.8468008,3902.9707,7989.7227
1903-02-01,0.42712656,1.1251872,42105.64,38386.203
1903-03-01,6.4679327,6.5628657,37347.305,36253.14
1903-04-01,10.430922,9.817931,4196.0586,14437.337
1903-05-01,14.349544,14.278861,12242.865,5735.839
1903-06-01,19.430506,19.824476,31932.664,14479.97
1903-07-01,23.059336,22.465492,21951.771,43200.54
1903-08-01,22.486467,22.956633,49480.508,34961.246
1903-09-01,17.549099,17.916529,41196.254,58885.066
1903-10-01,11.681442,12.814852,14.075195,2433.4678
1903-11-01,8.198734,9.492997,0.0,0.0
1903-12-01,2.9783266,3.1238003,4358.1973,681.43164
1904-01-01,0.4122719,0.77826995,11437.804,6026.1006
1904-02-01,6.591203,6.8466077,13666.66,13582.544
1904-03-01,8.836679,8.737621,8067.426,14928.831
1904-04-01,11.181077,11.063109,869.83984,1075.0176
1904-05-01,15.238901,15.235604,8276.786,13574.983
1904-06-01,19.755432,20.092323,1258.2832,2328.956
1904-07-01,22.14998,23.064327,37633.7,61697.914
1904-08-01,21.287529,21.455025,83488.26,105529.58
1904-09-01,17.919687,18.358852,17260.13,11822.827
1904-10-01,12.404713,12.769616,23206.1,4200.9727
1904-11-01,6.894761,8.788058,188.23242,0.12695312
1904-12-01,3.3092673,3.258038,33880.22,16001.445
1905-01-01,4.7225704,4.1726418,86090.08,99034.7
1905-02-01,5.2151046,3.5811267,130519.41,146918.88
1905-03-01,7.364544,6.9901023,131427.08,118415.266
1905-04-01,9.359098,9.41132,68209.484,73610.78
1905-05-01,13.1901455,12.266049,4878.584,19116.316
1905-06-01,18.993164,19.328943,10671.71,1832.419
1905-07-01,21.492374,23.127138,33328.95,27527.97
1905-08-01,21.910751,22.748919,41330.133,57510.402
1905-09-01,18.704412,19.574453,58162.12,57863.74
1905-10-01,12.1854515,12.875194,4199.2305,2758.416
1905-11-01,6.8287873,6.4855566,119256.75,136868.28
1905-12-01,0.28444687,0.6175738,39834.906,32795.68
1906-01-01,1.1597078,1.4909506,23289.432,25821.41
1906-02-01,5.6160827,5.5262856,26530.613,29738.209
1906-03-01,7.1310344,6.706494,57971.625,95989.06
1906-04-01,9.638405,9.971109,21653.809,30390.363
1906-05-01,14.085589,13.85678,3724.914,7447.2656
1906-06-01,18.540014,19.006855,0.0,0.9042969
1906-07-01,22.241142,22.856749,51935.605,56142.703
1906-08-01,19.75555,20.984396,78209.695,81339.984
1906-09-01,16.922787,17.999527,22014.234,6240.674
1906-10-01,11.985931,13.017124,4413.6055,1311.7256
1906-11-01,7.009186,4.5726953,33653.785,56634.79
1906-12-01,5.2607107,4.033989,123145.09,106043.195
1907-01-01,3.6842265,1.764916,58114.773,69954.47
1907-02-01,6.208575,7.449593,20385.203,33728.293
1907-03-01,7.9125156,7.199833,28097.645,51524.586
1907-04-01,10.954907,11.33561,23279.598,22243.262
1907-05-01,12.961834,12.928337,25856.797,15225.913
1907-06-01,16.814919,17.630709,6698.048,4397.343
1907-07-01,21.729212,22.874466,43340.03,43746.65
1907-08-01,20.676981,21.547062,100244.59,43297.97
1907-09-01,17.762299,18.844027,11651.683,26725.64
1907-10-01,12.653063,13.20829,73407.76,83489.3
1907-11-01,6.301528,6.390301,19404.309,18386.592
1907-12-01,3.5787814,4.2278905,986.35156,1557.6416
1908-01-01,3.5525656,3.5432627,18713.715,28629.389
1908-02-01,3.9398673,4.1624346,77042.17,76862.5
1908-03-01,7.4965844,8.018061,27711.973,31849.625
1908-04-01,10.258329,10.715915,14995.044,25639.973
1908-05-01,12.643669,12.837672,8301.418,17049.838
1908-06-01,18.279888,18.726068,1349.3994,348.98828
1908-07-01,21.73186,22.902271,78142.15,91811.42
1908-08-01,20.656052,21.538538,84078.94,55204.547
1908-09-01,17.478975,18.153627,12641.985,23202.25
1908-10-01,10.460795,11.238122,11452.108,26062.14
1908-11-01,6.6447845,6.779821,15756.524,12482.861
1908-12-01,2.8445718,2.6720994,77656.64,123918.195
1909-01-01,4.068609,4.5925107,33244.258,48681.78
1909-02-01,2.356153,3.404604,52600.293,53282.617
1909-03-01,3.7581563,4.9743924,47979.293,45500.62
1909-04-01,7.9894857,10.472762,7004.6553,4709.1387
1909-05-01,13.214264,13.862272,227.25293,2071.1885
1909-06-01,19.926313,20.350475,2212.707,2358.0205
1909-07-01,22.450598,22.97367,37467.746,45607.855
1909-08-01,20.725885,21.542143,63706.95,106999.03
1909-09-01,17.417614,17.795244,35844.52,26216.672
1909-10-01,12.491774,13.767457,17.458984,202.73047
1909-11-01,7.209305,7.948626,16456.623,24153.465
1909-12-01,0.43010157,-0.6561864,33259.99,53395.656
1910-01-01,2.753325,2.0672665,47546.758,60932.312
1910-02-01,3.5203345,4.032384,2876.5078,4805.751
1910-03-01,9.659119,10.1373415,15313.684,38288.152
1910-04-01,11.037807,12.388414,15426.332,9994.948
1910-05-01,16.148294,17.374132,4207.079,17.075195
1910-06-01,20.090202,20.772873,7058.2676,9449.084
1910-07-01,22.616495,23.547167,36980.242,33842.195
1910-08-01,22.130878,23.110708,52929.168,46255.492
1910-09-01,19.690685,20.84666,4994.9834,5670.199
1910-10-01,12.689772,13.599949,9702.738,17743.582
1910-11-01,7.2519765,8.674703,42194.78,50850.133
1910-12-01,4.320086,5.106174,12324.798,23598.963
1911-01-01,4.5421143,4.693813,60626.64,87810.59
1911-02-01,3.436975,3.064609,58289.535,50638.562
1911-03-01,8.67747,8.939176,34576.164,52935.734
1911-04-01,9.905514,10.568724,15928.6455,5091.913
1911-05-01,13.8637295,14.138979,130.26758,352.46875
1911-06-01,18.441236,19.421923,13485.466,8723.394
1911-07-01,20.332129,21.752533,88893.16,94107.67
1911-08-01,21.131464,21.783787,35862.617,51984.703
1911-09-01,19.249815,19.15412,53077.39,50974.906
1911-10-01,11.926702,12.551247,71432.08,57772.29
1911-11-01,5.6470733,6.121184,459.89746,84.32129
1911-12-01,-0.34905937,0.023325928,17262.656,10450.274
1912-01-01,1.6063343,3.968822,265.83008,387.5918
1912-02-01,3.7789733,5.165767,5237.5967,827.4824
1912-03-01,6.01183,5.285329,82560.05,107214.125
1912-04-01,7.657545,7.544273,26721.871,40059.77
1912-05-01,13.618997,14.133837,3984.9854,7164.1846
1912-06-01,19.639547,20.02564,11145.729,10114.295
1912-07-01,20.203457,20.805727,82717.14,72830.06
1912-08-01,20.163427,21.142752,51407.062,42688.836
1912-09-01,15.990521,16.509708,7512.091,3663.5615
1912-10-01,10.850364,10.811362,50986.543,76401.92
1912-11-01,5.7028766,7.574244,700.61816,2128.583
1912-12-01,0.085314065,1.5080105,20262.84,18706.582
1913-01-01,-0.27358595,-0.15167071,18454.615,16930.055
1913-02-01,1.8779532,2.4151855,71700.61,81746.82
1913-03-01,4.4965844,4.5429997,12378.741,12751.653
1913-04-01,9.053726,10.50574,9319.803,6219.301
1913-05-01,13.994402,14.771712,407.44043,0.0
1913-06-01,18.27854,18.44073,4172.245,1033.1494
1913-07-01,20.629538,22.11123,39872.28,42623.414
1913-08-01,20.733023,21.949162,38557.445,55455.918
1913-09-01,16.64655,17.816013,25381.555,38132.496
1913-10-01,11.569597,11.946814,14985.005,8483.96
1913-11-01,7.9668655,8.014231,43204.305,57995.797
1913-12-01,0.9335125,1.6849399,33681.152,28929.906
1914-01-01,3.7159126,4.3056784,24265.375,50260.254
1914-02-01,3.9575562,4.198584,26868.77,45324.344
1914-03-01,7.430933,8.718949,17311.973,13891.295
1914-04-01,11.062811,11.557209,2983.7607,10874.419
1914-05-01,15.207347,15.019728,7344.331,6800.7256
1914-06-01,19.632494,19.720655,12263.762,20458.05
1914-07-01,20.08134,21.847153,85525.69,69935.28
1914-08-01,21.13706,22.832634,55698.445,34114.8
1914-09-01,18.476162,19.756922,8697.296,24199.867
1914-10-01,12.176817,12.702205,54500.047,52131.953
1914-11-01,8.0791,9.229092,22085.086,8066.912
1914-12-01,1.5348265,0.7360942,81953.64,74017.28
1915-01-01,0.63970155,0.7101277,71426.55,77093.6
1915-02-01,2.9300907,3.4570925,55251.324,63622.562
1915-03-01,4.832172,6.54002,27766.312,21495.787
1915-04-01,9.744199,10.305367,46610.824,65745.54
1915-05-01,11.845341,12.0686245,15425.383,18590.996
1915-06-01,18.366203,18.997267,20229.977,9182.854
1915-07-01,21.05981,22.261822,65207.48,57704.99
1915-08-01,20.422884,22.782873,38325.703,33457.992
1915-09-01,16.49867,17.738039,25214.822,12108.872
1915-10-01,12.255072,14.018344,5061.2656,2824.1143
1915-11-01,6.3637924,7.202715,29123.29,24226.836
1915-12-01,2.3032563,2.2169216,67518.55,100996.69
1916-01-01,2.1183796,0.9012772,153093.5,140964.05
1916-02-01,5.9810357,6.9060664,15895.731,21755.629
1916-03-01,8.274054,9.304506,50830.11,48206.797
1916-04-01,10.159319,11.301605,15709.926,8939.129
1916-05-01,13.276525,14.035361,5328.661,4471.3936
1916-06-01,18.829521,19.950047,0.0,0.0
1916-07-01,20.527979,22.742077,59385.965,59254.92
1916-08-01,19.407043,20.49193,54128.402,64876.734
1916-09-01,16.844868,18.203304,36555.04,44942.656
1916-10-01,11.169675,10.842438,69094.82,66754.305
1916-11-01,5.263711,5.9408484,53.808594,0.0
1916-12-01,0.5613344,0.38871145,23029.8,26173.23
1917-01-01,1.0519828,-0.638919,69012.21,74133.766
1917-02-01,2.3679407,2.6793263,45227.35,36657.496
1917-03-01,3.983164,4.023717,930.26074,4149.335
1917-04-01,8.295702,8.172422,33764.652,83581.984
1917-05-01,10.477131,11.223633,27210.219,31314.184
1917-06-01,19.49374,20.021353,417.81836,428.88867
1917-07-01,22.326633,23.678017,61463.188,73139.31
1917-08-01,20.568008,21.581059,20459.822,43314.68
1917-09-01,17.448118,19.019922,31572.398,30530.46
1917-10-01,13.404926,14.181254,777.85254,316.40625
1917-11-01,7.665986,9.25479,0.0,0.734375
1917-12-01,4.7156577,6.1822057,0.0,0.0
1918-01-01,0.13796407,1.2968798,60622.707,49111.6
1918-02-01,3.8072484,4.351386,41459.883,38103.76
1918-03-01,7.4058795,7.232163,30636.168,91735.625
1918-04-01,9.700405,9.938261,6732.843,4565.7344
1918-05-01,12.766814,13.002342,3545.0303,2802.4258
1918-06-01,21.604183,22.891558,20350.432,23614.39
1918-07-01,21.775198,22.154366,49131.09,42878.484
1918-08-01,20.532944,20.770134,53633.49,53522.9
1918-09-01,19.106663,19.249693,10746.712,11376.705
1918-10-01,12.822017,13.541875,19689.262,11306.201
1918-11-01,5.0367236,4.881236,53147.742,37190.555
1918-12-01,0.3835125,1.6040579,54859.117,55526.36
1919-01-01,-1.2349187,0.8887439,14950.77,15310.46
1919-02-01,0.16779844,1.0069379,61679.016,59055.918
1919-03-01,4.8763266,5.1150327,26509.207,26656.84
1919-04-01,11.223417,12.091358,18559.537,15918.378
1919-05-01,15.302209,15.903046,17765.465,26910.96
1919-06-01,20.119017,20.391779,8888.562,1720.8271
1919-07-01,20.823437,21.97475,109840.76,145068.44
1919-08-01,21.142246,22.141008,45980.094,50842.207
1919-09-01,17.481642,18.99116,63077.27,59815.035
1919-10-01,10.606663,9.747566,20431.988,49668.324
1919-11-01,5.780278,5.7796125,70258.01,88269.42
1919-12-01,3.5169203,3.2215393,41260.227,14542.435
1920-01-01,2.5746264,3.5128658,51804.293,53608.395
1920-02-01,5.0813017,5.3466187,63673.324,114639.016
1920-03-01,4.880758,5.0864787,47949.74,50037.047
1920-04-01,7.1076717,7.883148,9153.922,8355.055
1920-05-01,14.295727,14.762832,8004.3174,19421.535
1920-06-01,18.525723,19.194775,20470.055,3939.6143
1920-07-01,21.778006,23.195194,30643.293,25065.156
1920-08-01,19.932146,21.058153,45324.125,50730.734
1920-09-01,17.450104,17.66414,26073.564,19420.137
1920-10-01,10.590737,10.880194,48604.594,44563.125
1920-11-01,6.024561,6.261191,17218.59,7912.254
1920-12-01,1.1309812,1.2979499,10483.178,8531.538
1921-01-01,3.6115124,2.6279848,13472.687,33706.008
1921-02-01,4.4914923,5.1860375,18006.098,10116.873
1921-03-01,8.417362,8.806834,7518.2305,26157.934
1921-04-01,8.597161,9.574653,9115.023,15339.426
1921-05-01,13.500181,13.520971,9351.389,21437.37
1921-06-01,19.701624,20.380665,8418.671,5205.1406
1921-07-01,21.153597,22.898214,110035.05,84282.03
1921-08-01,19.645214,21.308647,100566.78,86590.2
1921-09-01,17.873688,18.498096,8787.261,16736.28
1921-10-01,14.184108,14.664303,19362.395,41966.2
1921-11-01,7.421055,8.151576,9420.136,11728.551
1921-12-01,4.7229123,5.0821586,35616.555,80710.39
1922-01-01,0.6999437,0.35267222,63492.72,84790.47
1922-02-01,2.9075124,2.5476909,17067.88,24384.248
1922-03-01,4.4412813,5.0080395,44059.758,57180.883
1922-04-01,7.581358,8.358092,24334.281,12182.15
1922-05-01,14.267653,14.983827,9766.243,19781.357
1922-06-01,20.642744,21.137266,15782.269,12980.175
1922-07-01,22.468908,23.72601,35378.688,40588.336
1922-08-01,21.59903,22.44021,51139.336,52147.754
1922-09-01,19.29845,20.025188,10149.534,29977.545
1922-10-01,13.024549,13.163906,10778.15,14335.205
1922-11-01,4.619055,4.3331804,44840.984,48081.977
1922-12-01,4.07725,4.1922727,22052.646,22390.18
1923-01-01,3.9363673,4.2901444,21055.15,30363.293
1923-02-01,2.5826328,2.427186,40906.44,30212.371
1923-03-01,4.412156,4.994508,35637.92,45643.742
1923-04-01,9.423938,9.691161,10532.885,17392.191
1923-05-01,15.207785,15.998497,6962.7627,4372.2656
1923-06-01,18.17208,17.612442,198.38379,323.42773
1923-07-01,21.73361,22.764172,57677.32,50763.746
1923-08-01,19.700718,20.868288,93055.05,63851.65
1923-09-01,16.091965,16.930851,47539.33,53895.367
1923-10-01,10.557869,10.952075,18489.352,10960.924
1923-11-01,5.8606,6.840752,50965.98,51471.03
1923-12-01,1.2053516,2.3557136,80045.55,85287.09
1924-01-01,0.7136625,0.9194084,3595.7373,1880.3184
1924-02-01,4.8363767,6.065391,4189.336,457.02734
1924-03-01,3.455589,3.6836393,59799.656,52615.895
1924-04-01,8.6131735,9.040901,19018.93,31648.846
1924-05-01,15.239364,15.529181,5434.7676,662.8154
1924-06-01,21.357689,21.327166,2380.8125,5819.093
1924-07-01,21.776392,22.37873,57587.375,33592.77
1924-08-01,21.544563,22.404133,28647.883,13287.924
1924-09-01,18.548872,18.817005,14559.108,40918.03
1924-10-01,12.392747,11.840383,13487.046,23416.3
1924-11-01,7.5294814,7.7428656,10433.854,5464.83
1924-12-01,0.29858124,0.87053466,60335.312,77147.555
1925-01-01,0.19406874,0.8249578,5563.3457,6442.051
1925-02-01,5.2765737,6.0296617,12789.179,8969.5
1925-03-01,7.6290064,7.97582,52287.926,25122.715
1925-04-01,11.123798,11.237108,12687.087,41177.883
1925-05-01,16.070013,16.903538,8953.646,2404.6396
1925-06-01,19.20192,19.881502,22344.465,25280.438
1925-07-01,22.402832,24.15558,49481.94,48936.055
1925-08-01,19.86599,21.104269,56293.06,52281.652
1925-09-01,16.880924,17.425455,53495.86,77450.96
1925-10-01,12.2170515,11.789704,40143.766,62178.246
1925-11-01,5.429311,6.1504326,12405.508,21225.74
1925-12-01,1.6638203,3.9342103,13724.905,12377.299
1926-01-01,-0.30614218,1.4967548,20293.746,10619.228
1926-02-01,4.664044,5.4688435,17556.025,23564.055
1926-03-01,6.174917,7.452026,80076.79,41343.45
1926-04-01,9.522236,10.781733,61203.58,88972.89
1926-05-01,13.938464,14.62125,28445.994,13005.452
1926-06-01,19.378378,21.014534,7216.545,4448.885
1926-07-01,20.866682,22.406406,49053.89,36186.53
1926-08-01,21.03749,22.012459,15122.404,21840.371
1926-09-01,18.913094,19.112967,40687.203,34962.91
1926-10-01,13.648893,14.129556,16619.7,13161.173
1926-11-01,7.4893765,8.259084,8163.2217,12111.884
1926-12-01,0.675975,1.0938832,72462.64,90322.32
1927-01-01,4.431205,4.521433,6098.6973,15090.07
1927-02-01,5.7184873,5.572544,55161.14,112731.39
1927-03-01,5.476961,6.0709963,35626.945,36899.168
1927-04-01,9.359908,10.197064,28701.918,19073.957
1927-05-01,14.587213,15.404314,9015.061,5719.618
1927-06-01,18.555538,19.524904,31177.564,27693.988
1927-07-01,21.98699,23.60721,41474.133,38041.875
1927-08-01,20.123589,21.1508,56510.242,80368.67
1927-09-01,17.580553,18.104351,53061.32,103094.19
1927-10-01,12.391211,13.007744,7036.5938,21536.33
1927-11-01,8.564779,8.782324,6005.1445,9570.292
1927-12-01,0.7660516,0.47829008,47204.54,59899.812
1928-01-01,2.5999985,3.2943892,6329.4707,13703.335
1928-02-01,2.8625875,3.8735664,64074.047,50602.996
1928-03-01,7.3776937,8.241593,7433.5156,8293.484
1928-04-01,9.220934,10.439656,14275.121,10176.072
1928-05-01,15.877988,16.535107,20284.617,16538.945
1928-06-01,19.673773,20.122377,20.711914,763.7842
1928-07-01,22.293442,23.3677,55996.17,37745.656
1928-08-01,20.5241,21.928133,58636.176,36561.023
1928-09-01,18.635609,19.965784,7612.26,4734.6826
1928-10-01,13.170414,13.231419,43863.633,40912.445
1928-11-01,5.8527875,6.4916368,20554.918,21105.39
1928-12-01,1.6929874,1.7991184,20202.254,33168.125
1929-01-01,1.1160078,0.70501214,23803.023,32300.73
1929-02-01,1.0620453,1.2501284,28146.176,25042.035
1929-03-01,5.268725,5.8105,20293.176,20448.91
1929-04-01,8.674186,9.136477,28743.857,29548.67
1929-05-01,14.686142,15.034189,7947.004,2584.5273
1929-06-01,19.905035,20.30601,1124.794,713.96094
1929-07-01,21.765865,23.174181,73576.53,59798.023
1929-08-01,20.567041,21.615553,60418.59,63656.867
1929-09-01,17.888123,18.842207,59201.047,35601.96
1929-10-01,12.658139,13.3976555,23680.484,6630.132
1929-11-01,4.7095127,5.745236,9290.926,1367.9756
1929-12-01,4.319775,5.308206,312.3252,34.112305
1930-01-01,0.5265375,0.53608483,65327.035,74570.08
1930-02-01,5.596747,6.383019,12943.673,14405.911
1930-03-01,5.3750377,6.195287,47549.13,55990.344
1930-04-01,11.597592,12.636419,14379.219,20475.512
1930-05-01,11.922955,12.207318,27266.246,31043.277
1930-06-01,20.410748,20.691483,6021.4834,6780.2363
1930-07-01,21.649708,22.459875,88388.59,83679.44
1930-08-01,20.7647,21.538465,38832.016,52404.676
1930-09-01,17.128271,17.90335,19875.137,41429.0
1930-10-01,11.516639,11.745697,5767.662,14136.96
1930-11-01,5.099606,5.9638314,74321.07,51241.85
1930-12-01,0.78795,2.0339253,7924.503,1279.8242
1931-01-01,1.1117328,2.465801,13385.887,11709.798
1931-02-01,4.436542,4.798743,77297.266,98965.52
1931-03-01,6.3320017,7.2363954,22131.426,4582.711
1931-04-01,10.8294325,12.267982,48349.9,35606.97
1931-05-01,15.3248,16.05488,6764.7314,9600.949
1931-06-01,19.824327,20.161942,24190.143,12918.558
1931-07-01,22.765364,24.69678,65793.516,53855.684
1931-08-01,20.492233,21.86972,66678.17,99642.516
1931-09-01,18.718124,18.974524,57681.85,29368.992
1931-10-01,12.789822,13.2095,24867.547,23042.164
1931-11-01,4.403658,4.3063645,96346.12,66972.68
1931-12-01,-0.5301266,0.015118723,37307.37,57012.383
1932-01-01,-1.9608063,-1.3783964,38879.86,20452.758
1932-02-01,4.029736,3.7874968,58279.16,119163.766
1932-03-01,5.7267656,6.6912694,15443.936,10281.614
1932-04-01,9.7501,10.617671,23263.121,14446.887
1932-05-01,14.004528,14.549301,3405.9287,6692.384
1932-06-01,18.293947,19.181028,5083.8955,12024.201
1932-07-01,21.714792,23.136896,73375.55,49339.36
1932-08-01,21.13509,22.421438,41852.375,39067.227
1932-09-01,18.268454,19.706991,14267.503,22571.348
1932-10-01,11.309423,12.332336,33348.7,30633.809
1932-11-01,7.138284,8.767123,0.0,16.831055
1932-12-01,-0.6443578,-0.6890884,45622.406,52036.914
1933-01-01,-0.7871297,-0.63310885,31358.39,70613.27
1933-02-01,-0.20693438,-0.63883746,35487.273,10400.223
1933-03-01,6.2308784,7.1305223,1279.7686,370.98535
1933-04-01,7.5367985,8.295191,27376.0,28101.234
1933-05-01,11.347372,11.987277,13755.568,8524.496
1933-06-01,19.853737,20.273054,17068.93,7367.086
1933-07-01,22.742647,24.390686,58618.37,47325.72
1933-08-01,21.302786,22.824722,43934.547,44773.797
1933-09-01,19.28406,20.458103,44438.066,38876.54
1933-10-01,13.994977,14.858301,46307.35,28452.215
1933-11-01,7.4864373,8.387983,39965.523,29704.77
1933-12-01,4.1921625,4.8293257,5513.4707,10773.7705
1934-01-01,2.9165375,3.8421783,4829.1787,14091.284
1934-02-01,5.848125,6.591148,28005.809,22896.45
1934-03-01,9.442572,11.180067,8559.533,7920.7383
1934-04-01,12.21164,13.259077,18851.605,40046.688
1934-05-01,17.52652,17.868858,16513.684,26942.514
1934-06-01,17.974295,18.182327,6209.256,3389.9424
1934-07-01,23.12979,24.237488,28008.059,19756.064
1934-08-01,21.769592,22.455856,96138.94,79708.31
1934-09-01,17.697252,18.861122,28832.816,8820.546
1934-10-01,13.3934145,14.57176,1202.5332,958.5488
1934-11-01,7.0113688,7.559279,30942.45,26664.367
1934-12-01,3.3706734,4.394171,30151.824,45352.4
1935-01-01,3.1932454,2.8073652,56508.547,77053.41
1935-02-01,4.2356796,5.004452,55257.445,59110.65
1935-03-01,5.215331,5.1301813,47705.477,47195.484
1935-04-01,10.094884,10.657271,22691.434,20257.094
1935-05-01,11.93727,12.553699,20881.422,10110.172
1935-06-01,19.672688,21.002499,2300.459,1400.123
1935-07-01,21.430157,22.828043,34447.07,40346.758
1935-08-01,20.660728,22.020296,82785.14,84029.64
1935-09-01,17.484093,19.068956,43136.496,43095.438
1935-10-01,12.838447,12.820294,546.375,3289.8643
1935-11-01,5.3740344,5.8026266,43298.87,15167.848
1935-12-01,2.7497907,3.2466588,26065.986,16689.3
1936-01-01,2.2004547,2.7615688,30488.938,9051.505
1936-02-01,3.3728921,3.5191534,73549.6,66949.17
1936-03-01,6.29238,7.5092125,35557.92,35000.46
1936-04-01,11.202136,12.543356,8712.962,8161.8525
1936-05-01,15.835964,17.071793,10623.123,1167.9463
1936-06-01,20.954054,22.105558,5927.674,6601.5645
1936-07-01,22.212666,23.531017,36559.516,68093.91
1936-08-01,21.226646,22.439795,47415.4,64129.242
1936-09-01,17.459335,17.882116,47263.04,31677.68
1936-10-01,12.344361,12.582486,17742.037,40711.703
1936-11-01,6.0441937,6.993284,26198.135,12031.594
1936-12-01,2.9355328,2.807665,49286.938,72239.68
1937-01-01,-4.13427,-5.5521154,51749.082,60058.58
1937-02-01,2.535461,2.6205192,50585.242,75558.18
1937-03-01,5.2547545,5.537262,53520.336,65382.555
1937-04-01,9.830819,10.276912,3679.3672,2660.6562
1937-05-01,15.398751,16.065033,15849.655,7195.665
1937-06-01,18.359943,19.656424,13704.828,16797.809
1937-07-01,21.932379,23.13707,38586.055,33941.97
1937-08-01,22.809723,23.113018,36028.44,36818.914
1937-09-01,19.712116,20.305912,31047.012,34992.08
1937-10-01,13.49158,14.506575,11735.459,164.52051
1937-11-01,7.0552626,8.231259,4226.2305,3524.4678
1937-12-01,4.1369376,4.649456,26631.848,37755.625
1938-01-01,3.274514,4.1569037,14068.887,21352.945
1938-02-01,4.029253,3.5946977,49413.457,61377.98
1938-03-01,5.8384547,5.5429378,64885.36,79902.59
1938-04-01,9.562722,10.848755,7273.717,7596.16
1938-05-01,13.970072,14.966036,4824.0107,3256.2178
1938-06-01,19.378391,20.313501,24144.582,21751.506
1938-07-01,21.515907,22.443823,38865.38,32996.875
1938-08-01,20.970829,22.123594,84198.45,61389.4
1938-09-01,18.496565,19.839195,28237.77,15356.94
1938-10-01,12.831926,12.662248,137.7793,3730.3965
1938-11-01,3.92285,4.4979076,1076.8262,2038.8711
1938-12-01,3.6831765,4.0380607,43372.543,76453.62
1939-01-01,1.2492187,1.9145184,39010.945,28233.21
1939-02-01,-1.8619734,-1.1471826,30939.645,29372.598
1939-03-01,6.2104893,7.2116346,22783.545,21951.691
1939-04-01,11.117311,12.106971,26065.473,13942.7705
1939-05-01,15.074316,15.861068,1246.4424,303.54297
1939-06-01,19.709162,20.365654,615.1279,44.20117
1939-07-01,22.464516,24.022852,19204.318,17361.379
1939-08-01,21.436848,22.761236,46994.945,67504.766
1939-09-01,18.208158,18.256777,36291.664,116323.33
1939-10-01,11.399546,12.021869,18462.31,4787.132
1939-11-01,7.3600125,8.27106,36231.836,29374.621
1939-12-01,4.5281577,6.0412483,19586.469,4692.49
1940-01-01,2.191947,3.6763356,20618.793,33852.547
1940-02-01,3.2743266,4.2550845,53210.887,53683.066
1940-03-01,7.075075,8.396283,8361.733,6255.128
1940-04-01,10.155669,11.217665,18617.629,39393.395
1940-05-01,16.032618,16.944176,11365.331,7605.959
1940-06-01,20.978708,22.095465,15768.514,20999.41
1940-07-01,22.428797,23.843678,30442.855,6382.538
1940-08-01,21.1041,22.911268,52285.938,71220.67
1940-09-01,17.855686,18.502132,66061.14,79486.29
1940-10-01,12.978695,13.345197,32926.57,69194.03
1940-11-01,5.299253,5.782524,47190.29,30666.793
1940-12-01,4.4971514,4.562723,98283.336,104300.16
1941-01-01,2.435986,2.6954324,76490.61,46056.25
1941-02-01,4.917155,5.7687097,50950.777,62056.953
1941-03-01,5.6077533,6.4047923,95660.65,80248.195
1941-04-01,6.7724013,7.367459,44064.867,87504.74
1941-05-01,14.439519,14.843639,18740.502,13448.497
1941-06-01,17.468348,18.265776,8298.426,6298.293
1941-07-01,20.812685,22.432308,39999.85,31854.406
1941-08-01,20.180763,20.981625,48024.77,51549.664
1941-09-01,16.916012,17.041288,58956.22,48455.25
1941-10-01,10.759847,10.288617,29808.457,60889.363
1941-11-01,6.536675,7.6213684,37224.695,23141.887
1941-12-01,2.9972563,2.8303254,55875.48,48906.43
1942-01-01,2.0431108,2.7345994,22291.658,13937.6875
1942-02-01,1.3148937,1.7864579,24567.008,33173.88
1942-03-01,4.2668843,5.4468875,14295.947,13795.678
1942-04-01,9.050006,9.931814,22916.555,34380.92
1942-05-01,13.642869,14.086057,0.0,32.185547
1942-06-01,19.124075,19.524868,145.40137,0.0
1942-07-01,22.810987,24.241005,41533.91,30291.363
1942-08-01,20.709116,22.052153,38661.625,48965.855
1942-09-01,18.205788,19.183737,21435.996,15710.333
1942-10-01,12.019525,12.853109,45071.34,16807.004
1942-11-01,8.119099,8.797162,1946.001,6348.4434
1942-12-01,4.128392,4.535264,50594.03,33616.0
1943-01-01,2.238439,3.3170145,55251.133,57510.766
1943-02-01,5.321211,5.9404454,17484.547,23647.262
1943-03-01,6.8686924,8.11716,46023.965,39944.71
1943-04-01,11.668434,12.293142,4635.6826,21044.89
1943-05-01,15.143105,16.116997,8114.1445,1080.8936
1943-06-01,18.968935,19.22691,8736.66,370.73047
1943-07-01,22.40476,23.444105,28076.91,16222.398
1943-08-01,21.053835,21.993723,71979.36,70075.33
1943-09-01,18.568577,19.705244,39759.508,42402.64
1943-10-01,12.131192,13.064829,27921.375,22761.297
1943-11-01,6.602808,7.5839486,664.86523,587.5205
1943-12-01,2.3312938,2.6575313,36792.87,56426.008
1944-01-01,0.79181564,1.8738579,15745.111,23541.184
1944-02-01,2.4242687,2.279694,49811.895,88130.5
1944-03-01,4.4322953,4.712677,28185.256,31823.004
1944-04-01,7.8551736,8.503191,16540.297,39005.93
1944-05-01,13.60227,14.1072035,15022.867,17617.328
1944-06-01,17.662615,17.519293,791.6084,408.5293
1944-07-01,21.29935,21.910082,37803.273,20830.236
1944-08-01,21.593569,22.96812,42977.965,24236.734
1944-09-01,17.674664,19.331367,58549.273,31795.691
1944-10-01,13.348102,13.788485,12208.307,7858.115
1944-11-01,4.899775,5.183714,46003.22,50247.586
1944-12-01,2.7892969,3.4743,28684.27,39687.17
1945-01-01,1.5236437,2.2199976,31872.143,36836.14
1945-02-01,4.0342736,4.443641,9405.77,16189.127
1945-03-01,3.7611015,4.032541,55639.13,76372.8
1945-04-01,8.437092,8.925438,3967.3535,6803.126
1945-05-01,14.023755,14.570005,491.87012,977.8926
1945-06-01,17.312708,18.385489,1431.9287,133.49316
1945-07-01,22.211784,23.455992,38687.617,49654.66
1945-08-01,21.643166,22.509499,48763.703,54243.617
1945-09-01,18.23851,19.452724,8699.494,3977.0996
1945-10-01,13.1626,14.1442995,27302.934,22090.398
1945-11-01,5.957564,6.73261,170.71973,420.85938
1945-12-01,1.0266281,1.1132225,41438.85,54619.91
1946-01-01,-0.0034671875,1.7121924,35570.04,23407.934
1946-02-01,2.500872,3.2822843,7206.158,10558.14
1946-03-01,6.402125,6.8846207,16548.879,14365.977
1946-04-01,12.657144,12.905003,12810.995,41860.18
1946-05-01,13.712587,14.816556,516.2168,5071.1816
1946-06-01,20.715984,21.201675,1572.8262,0.33691406
1946-07-01,21.5895,23.019356,46721.383,54358.484
1946-08-01,20.652555,21.86728,72252.63,76845.15
1946-09-01,18.525295,19.46517,77622.22,38792.113
1946-10-01,10.808652,10.707418,18816.586,24512.762
1946-11-01,4.684109,4.9762135,38620.367,48719.01
1946-12-01,4.463975,4.9386086,28663.84,40867.496
1947-01-01,-0.06520469,1.0551398,12535.465,9986.828
1947-02-01,5.303214,6.614842,17783.832,6153.4336
1947-03-01,6.430303,7.859599,1790.0752,4165.9785
1947-04-01,9.301686,10.777558,1039.1318,651.8037
1947-05-01,15.788281,17.1548,28638.545,18981.863
1947-06-01,18.284018,19.510305,2768.9277,436.44043
1947-07-01,22.418287,23.912521,29992.89,20746.105
1947-08-01,20.252064,21.442337,78071.375,84474.47
1947-09-01,19.159245,20.695276,25021.445,17057.41
1947-10-01,13.010211,13.517341,46607.355,22630.557
1947-11-01,3.6902218,4.040821,22289.066,24909.936
1947-12-01,0.95176095,1.344621,27064.625,51061.61
1948-01-01,2.2526016,3.4749584,7791.075,3232.5088
1948-02-01,1.8599468,2.2472923,46518.758,44655.906
1948-03-01,2.611511,3.1874027,27870.418,29244.207
1948-04-01,10.5695095,11.152549,1363.6162,3698.9902
1948-05-01,15.006975,15.379128,566.1924,252.6211
1948-06-01,19.51483,19.487883,4697.4844,6354.166
1948-07-01,21.936865,23.064682,39824.273,33339.64
1948-08-01,21.530588,22.351864,33058.117,70975.87
1948-09-01,18.698942,19.93395,17446.484,12952.82
1948-10-01,12.814728,13.525259,31816.328,29869.184
1948-11-01,3.6795328,5.003688,879.8379,58.40918
1948-12-01,3.0077827,2.3317902,65175.867,62667.816
1949-01-01,-2.2372203,-3.5788388,84229.55,110006.49
1949-02-01,1.6571907,0.32044566,18201.236,19007.713
1949-03-01,5.7425203,5.766166,18175.824,15481.93
1949-04-01,10.290071,12.139143,9743.924,11540.427
1949-05-01,14.160352,14.578609,4310.8076,10789.228
1949-06-01,18.853588,19.692348,17392.902,23551.629
1949-07-01,21.24679,23.089653,70325.29,38408.02
1949-08-01,20.064413,21.642883,35307.57,34150.12
1949-09-01,19.120115,20.079044,30311.314,52787.95
1949-10-01,10.980183,11.1586075,30751.178,50488.78
1949-11-01,8.634932,10.441446,7096.755,14502.217
1949-12-01,1.3371797,1.551663,40888.242,36573.887
1950-01-01,1.6199391,1.4763718,21917.922,20539.871
1950-02-01,5.3014092,6.2786684,18946.23,34308.945
1950-03-01,6.5351076,7.3984327,16985.664,17787.607
1950-04-01,11.123133,12.650995,1537.7246,1982.0273
1950-05-01,13.476612,14.557743,3312.6826,2678.1475
1950-06-01,18.907764,19.745235,10311.156,1954.4883
1950-07-01,20.76939,22.071728,57241.906,89116.01
1950-08-01,19.814867,21.69327,26960.766,24260.555
1950-09-01,16.067724,17.623232,32310.393,23583.125
1950-10-01,15.534519,16.38169,2467.0234,717.37695
1950-11-01,8.278406,9.361095,7086.1094,6241.3477
1950-12-01,5.023872,6.3570213,310.21582,892.42773
1951-01-01,1.6954125,2.3079867,45226.18,41646.336
1951-02-01,3.0886657,3.905199,18559.06,22111.316
1951-03-01,5.184053,5.950288,19510.623,11777.971
1951-04-01,9.048062,10.259769,41235.62,52744.254
1951-05-01,13.784748,15.060916,7949.047,14893.556
1951-06-01,17.845154,18.831106,0.0,0.0
1951-07-01,22.90048,24.335075,38833.47,31268.557
1951-08-01,20.68887,21.365938,103451.59,135860.53
1951-09-01,18.26346,19.584892,19265.482,8431.178
1951-10-01,12.509479,12.674833,35403.504,41867.836
1951-11-01,5.6325655,5.9867554,25466.898,28877.93
1951-12-01,1.4681485,1.4341264,64923.04,71412.92
1952-01-01,2.6473546,1.7805902,78711.03,57594.83
1952-02-01,2.1647906,3.023153,14630.351,11285.776
1952-03-01,1.9609922,2.646434,63740.59,79146.36
1952-04-01,9.578169,10.244763,44686.375,56897.867
1952-05-01,15.153289,15.942112,2104.919,1526.4424
1952-06-01,19.109034,19.009104,15998.3955,6902.2236
1952-07-01,21.181482,22.148798,42920.824,45054.41
1952-08-01,21.15338,22.630749,50179.508,49995.156
1952-09-01,18.70552,19.977625,24729.572,48073.67
1952-10-01,14.408607,15.859223,0.0,0.0
1952-11-01,3.9122624,4.5480256,62657.156,62064.344
1952-12-01,1.1194937,2.1743968,19961.383,32753.46
1953-01-01,4.0830407,5.283234,9767.373,9513.947
1953-02-01,2.2086594,3.6634986,16408.764,8563.356
1953-03-01,6.072284,6.974607,48060.22,19892.838
1953-04-01,9.267838,9.9154625,18233.828,24570.277
1953-05-01,11.305544,11.924542,3046.1162,5892.1934
1953-06-01,19.497852,19.723179,6238.0215,428.86328
1953-07-01,22.212254,23.56942,71521.66,89380.99
1953-08-01,20.394112,21.415577,34094.984,73996.016
1953-09-01,18.604286,19.693903,382.55176,254.75781
1953-10-01,12.329899,12.828784,2801.872,3216.497
1953-11-01,7.3803873,8.163303,14596.18,16193.4
1953-12-01,0.4852875,2.0033915,10268.303,6319.462
1954-01-01,2.5544703,3.0867462,31159.836,50884.227
1954-02-01,6.236922,7.3053255,9466.047,21574.93
1954-03-01,5.1011405,5.5080237,96744.41,82143.31
1954-04-01,12.03391,12.851443,514.10547,1871.4844
1954-05-01,15.094036,16.342567,16786.701,11531.372
1954-06-01,18.862766,19.560404,15986.541,19816.293
1954-07-01,22.203686,23.657522,60074.414,69026.77
1954-08-01,19.57406,21.176409,73406.96,48228.023
1954-09-01,18.723259,19.600393,35128.812,38004.844
1954-10-01,13.948228,14.60539,6773.132,11731.395
1954-11-01,8.02462,9.339566,3450.4297,3314.6758
1954-12-01,2.3939939,3.3101425,10347.667,9623.88
1955-01-01,-0.38969532,0.0106474105,49199.04,60018.477
1955-02-01,0.23036718,1.3359231,14802.864,19129.145
1955-03-01,5.760475,6.5820866,1826.5908,2642.1582
1955-04-01,8.40988,9.162467,4394.749,7554.3857
1955-05-01,13.62794,14.444123,3983.9277,4168.787
1955-06-01,18.026468,19.013512,26435.402,31233.004
1955-07-01,20.496418,21.309206,65143.26,72863.125
1955-08-01,20.069113,21.800453,86702.38,96090.45
1955-09-01,18.160393,19.181812,2546.7705,897.98145
1955-10-01,14.195684,15.067075,11536.81,8977.587
1955-11-01,6.409311,7.2171173,18676.105,24053.668
1955-12-01,4.49,4.9388843,27256.16,19112.855
1956-01-01,4.415991,4.8834014,38743.64,24300.75
1956-02-01,-0.07048281,1.6063145,32074.094,12520.131
1956-03-01,6.50192,7.72642,494.87012,701.5127
1956-04-01,8.7608595,9.795535,19369.65,16315.771
1956-05-01,15.070275,16.159079,4381.5947,908.8545
1956-06-01,21.336477,21.664736,5848.0674,18183.268
1956-07-01,21.132505,22.518114,52633.54,49167.6
1956-08-01,19.666553,20.855076,34249.64,26628.416
1956-09-01,19.830294,21.356129,2460.163,848.6836
1956-10-01,12.580572,12.898639,18612.21,19865.418
1956-11-01,3.8945625,5.948889,445.58203,184.65918
1956-12-01,1.70025,3.2616515,7184.7188,7306.582
1957-01-01,3.1021173,2.8318212,103641.71,124611.5
1957-02-01,7.463314,7.5563393,18692.18,24334.504
1957-03-01,6.1209764,7.371749,29961.209,22842.055
1957-04-01,8.46475,9.571066,10845.315,11782.036
1957-05-01,12.24708,12.446411,20836.443,33007.637
1957-06-01,19.747213,20.803482,14477.777,19655.86
1957-07-01,21.98275,23.2741,52079.984,43481.52
1957-08-01,19.985893,21.522152,83644.82,67974.875
1957-09-01,17.35151,19.115261,3208.1875,973.6455
1957-10-01,11.480689,11.938583,57319.445,66682.17
1957-11-01,4.038431,4.8258696,19564.354,42569.164
1957-12-01,3.9819078,4.802924,11753.499,15273.042
1958-01-01,1.4383407,3.0694823,7216.62,5761.671
1958-02-01,4.8611345,5.822609,58307.85,61091.453
1958-03-01,3.4087734,3.889844,73323.34,67487.61
1958-04-01,8.815263,9.618037,33588.074,31557.438
1958-05-01,16.35068,17.625551,8537.655,17484.916
1958-06-01,20.765015,21.062893,16158.756,12180.936
1958-07-01,21.912146,23.532806,23291.64,12752.065
1958-08-01,21.570887,23.559982,64857.906,63127.43
1958-09-01,17.94735,18.980007,71469.44,108370.61
1958-10-01,12.703086,13.862462,37629.457,28749.004
1958-11-01,5.7573423,6.7660413,20988.363,25264.473
1958-12-01,4.5421686,5.795919,1089.4199,103.32715
1959-01-01,3.1381204,3.8934119,10711.272,9417.581
1959-02-01,2.5604892,2.7605119,31239.947,60988.78
1959-03-01,5.650447,7.4452524,999.38184,312.54004
1959-04-01,11.636447,12.350215,11190.188,19711.629
1959-05-01,13.962677,14.350243,233.63379,10319.576
1959-06-01,21.214983,21.800184,9456.68,10520.181
1959-07-01,22.795671,24.50061,57637.184,54073.46
1959-08-01,19.943462,21.30138,85738.16,78990.41
1959-09-01,17.366112,18.420324,5639.6387,6763.1387
1959-10-01,12.313898,13.682296,89465.2,45873.656
1959-11-01,5.965128,7.440498,23209.344,13518.596
1959-12-01,3.0661125,4.145431,75163.91,92713.84
1960-01-01,-1.4359031,-0.53155714,53866.406,40545.95
1960-02-01,0.7221078,1.8612634,20360.135,33632.12
1960-03-01,7.91097,8.849013,20472.05,16287.913
1960-04-01,10.53954,11.372448,4963.3135,13269.663
1960-05-01,13.90542,15.215734,13155.476,11431.406
1960-06-01,20.688135,22.276096,4167.5625,6231.9004
1960-07-01,22.390966,24.061092,24362.143,23907.55
1960-08-01,21.307112,23.244226,38371.64,43975.812
1960-09-01,18.981962,20.375286,16107.98,32160.535
1960-10-01,11.415672,12.329784,58670.33,61096.37
1960-11-01,6.8760157,7.4066505,8720.81,18850.379
1960-12-01,1.0197828,2.46362,24848.006,9477.232
1961-01-01,2.4587219,4.108727,16773.672,23725.81
1961-02-01,3.8823032,5.5247426,8277.362,1923.834
1961-03-01,5.800825,6.539348,40678.445,53023.08
1961-04-01,10.028808,11.365136,4718.005,4397.9434
1961-05-01,14.334662,14.967843,737.99316,2303.2275
1961-06-01,21.14793,22.360441,8662.303,5065.039
1961-07-01,22.45345,24.192945,44975.426,40390.93
1961-08-01,20.445972,22.193985,64719.047,80210.17
1961-09-01,16.358316,17.438288,29458.355,42658.234
1961-10-01,11.541701,12.362282,38908.223,16023.491
1961-11-01,5.146911,5.5918365,25301.6,14712.866
1961-12-01,1.4974344,1.6034197,60647.75,49511.02
1962-01-01,0.5960828,1.8679973,51792.527,45433.21
1962-02-01,3.9096923,4.308408,34118.26,60557.117
1962-03-01,3.1297548,3.8343792,26528.719,25498.578
1962-04-01,11.801324,13.282472,2050.4258,1776.916
1962-05-01,13.252036,13.709205,1279.249,7823.493
1962-06-01,18.202309,19.535948,7676.8125,9906.423
1962-07-01,21.503584,22.803026,37072.37,33249.13
1962-08-01,21.812944,23.270838,21802.773,15918.958
1962-09-01,18.40893,19.733067,57653.617,48967.79
1962-10-01,12.671882,13.706267,33009.723,16310.701
1962-11-01,8.325614,9.119353,29065.371,21421.406
1962-12-01,3.7664952,4.7966604,27937.164,19010.117
1963-01-01,0.01919375,1.1614423,26339.34,15284.152
1963-02-01,5.489756,7.396183,37342.773,34244.918
1963-03-01,5.2050967,6.057861,21400.5,21170.49
1963-04-01,8.778206,9.101878,13346.072,19037.273
1963-05-01,15.64622,16.609245,140.44922,350.45117
1963-06-01,17.654669,18.49494,987.18066,328.88672
1963-07-01,22.823666,24.584942,28832.379,16419.34
1963-08-01,19.798792,21.555952,114818.734,118132.92
1963-09-01,18.716528,19.946804,31294.322,38424.168
1963-10-01,14.198381,15.020697,29219.031,30713.734
1963-11-01,6.8495374,7.6672873,30226.832,48139.85
1963-12-01,2.2032595,3.4908571,4936.3525,4483.2666
1964-01-01,-0.32946876,1.0258765,19868.164,15373.27
1964-02-01,0.07009844,1.7230234,7461.284,1890.6416
1964-03-01,3.2076266,4.111868,27137.531,43226.5
1964-04-01,7.871992,9.022648,17766.72,34040.203
1964-05-01,14.112867,14.290458,1100.1084,7123.71
1964-06-01,18.421026,18.911777,3838.1533,8858.768
1964-07-01,22.356667,23.967432,64798.375,66912.45
1964-08-01,20.24005,21.54611,59807.11,68236.266
1964-09-01,17.025135,18.403376,65647.06,32708.008
1964-10-01,13.957889,15.602525,9781.815,3154.3477
1964-11-01,4.6627736,4.814026,25853.086,18513.43
1964-12-01,2.4033594,2.6345437,30287.719,34843.426
1965-01-01,3.2378109,4.191308,62087.297,61910.78
1965-02-01,1.8168875,3.7581136,40881.836,41483.21
1965-03-01,4.0840173,4.825981,26063.043,59110.67
1965-04-01,8.842719,8.822935,32556.402,86795.164
1965-05-01,12.433811,12.842996,5898.4873,23467.035
1965-06-01,16.454365,16.62085,13129.242,8999.373
1965-07-01,21.559105,22.620617,63600.566,52027.953
1965-08-01,20.819168,21.840826,36596.42,45255.465
1965-09-01,16.488161,16.786572,23447.39,54062.945
1965-10-01,12.99427,14.606077,15833.187,8480.057
1965-11-01,8.0700035,8.575198,50281.28,80229.46
1965-12-01,2.6648376,2.8376315,139212.19,135017.89
1966-01-01,-0.08085313,0.7911116,21100.656,15108.67
1966-02-01,0.40766406,1.3423344,23758.484,26372.064
1966-03-01,6.6435905,7.69475,9492.541,14450.291
1966-04-01,10.53066,11.754133,4889.118,2607.3428
1966-05-01,15.65283,16.409634,266.09375,1096.624
1966-06-01,19.007238,20.069252,14534.7,9488.911
1966-07-01,22.897089,23.480356,45571.848,50468.906
1966-08-01,21.084368,22.712858,62789.195,54159.156
1966-09-01,17.75108,19.379105,37947.516,29586.355
1966-10-01,11.887071,12.961696,11933.538,17199.066
1966-11-01,8.052683,8.171979,23159.398,33666.24
1966-12-01,1.8244594,2.9331799,36977.86,77825.03
1967-01-01,1.3471812,2.7955158,9172.874,13951.862
1967-02-01,4.1400623,5.5038824,4562.8984,45.745117
1967-03-01,7.8201733,8.3521,31131.457,15269.819
1967-04-01,7.880878,7.6689143,8920.256,18524.004
1967-05-01,13.232781,14.250419,10321.584,14381.571
1967-06-01,17.75506,17.97378,10191.718,21202.883
1967-07-01,21.80763,23.280226,78479.89,74592.375
1967-08-01,20.096298,22.057165,63970.062,70207.46
1967-09-01,17.568745,19.003891,31285.123,43495.863
1967-10-01,13.020878,14.222497,5687.823,7352.3604
1967-11-01,8.045011,8.981491,27155.264,24839.756
1967-12-01,-0.31055,-0.9127848,114981.05,117582.47
1968-01-01,1.2580594,0.8873342,21149.621,26449.719
1968-02-01,5.824186,6.758656,26463.55,22834.684
1968-03-01,5.819425,7.0791326,38496.2,20303.89
1968-04-01,8.242877,9.081514,16679.238,25124.414
1968-05-01,13.6683235,14.681817,1645.8984,7163.3643
1968-06-01,19.192215,20.298122,3174.4443,10669.758
1968-07-01,20.816103,22.51243,50997.15,66298.125
1968-08-01,18.374302,19.85699,67397.734,45813.695
1968-09-01,16.814268,18.655521,6262.496,1587.1406
1968-10-01,12.652298,13.614855,16066.54,28094.457
1968-11-01,5.808031,7.0545473,27523.465,20980.066
1968-12-01,0.20712812,1.0729147,45276.57,27080.902
1969-01-01,4.144353,5.0479536,41300.63,68970.016
1969-02-01,2.6938891,3.0302818,27161.795,54918.14
1969-03-01,3.4303687,4.50736,23695.059,35957.402
1969-04-01,10.000592,10.860909,4386.826,2666.706
1969-05-01,14.324843,15.883269,29975.668,20520.574
1969-06-01,18.14466,19.167799,315.792,1660.0176
1969-07-01,22.285124,23.505323,56644.848,59557.027
1969-08-01,22.45449,23.896378,62964.76,67387.56
1969-09-01,18.462524,19.586002,24691.844,41280.977
1969-10-01,10.626246,11.157727,24218.012,31095.68
1969-11-01,5.9850516,6.9337907,32973.645,35974.35
1969-12-01,4.0730796,4.407656,18704.73,10715.54
1970-01-01,1.145014,2.537991,5143.1514,10732.625
1970-02-01,4.8553357,6.2644887,15413.366,6322.327
1970-03-01,4.227236,5.6146946,46400.312,101567.39
1970-04-01,6.6629877,7.5155196,17119.43,16414.225
1970-05-01,14.595321,15.637058,1896.5049,871.20703
1970-06-01,19.174133,20.344072,5611.3594,1960.7793
1970-07-01,22.559809,24.021103,34307.133,67879.375
1970-08-01,21.283459,23.027454,42228.88,72267.65
1970-09-01,16.645374,17.236042,57824.938,61525.21
1970-10-01,9.603181,11.077836,22431.717,8914.901
1970-11-01,6.6822267,7.7118025,6883.9834,19319.926
1970-12-01,2.9583907,2.364553,23227.088,30492.744
1971-01-01,1.8059031,2.8237736,10539.117,3233.1494
1971-02-01,3.1811984,3.9723792,13569.672,24903.393
1971-03-01,6.6353517,7.342138,7261.8525,3020.296
1971-04-01,8.914136,9.568309,10400.005,13297.127
1971-05-01,12.385094,12.65145,2146.837,17592.648
1971-06-01,18.936432,19.61448,1016.9912,67.805664
1971-07-01,23.02564,24.356848,31499.914,33471.39
1971-08-01,20.015255,21.764757,78677.45,96979.42
1971-09-01,17.446184,18.532732,53224.6,36933.477
1971-10-01,9.325663,10.128408,76058.75,53531.28
1971-11-01,5.764289,6.075618,18993.996,6774.01
1971-12-01,0.44405156,0.26898417,50057.805,53147.03
1972-01-01,2.462786,2.8106775,806.99414,43.34082
1972-02-01,4.5665703,5.6229773,271.35156,454.4463
1972-03-01,9.914972,10.961357,105.49219,74.552734
1972-04-01,10.196754,11.205786,283.94336,5558.9834
1972-05-01,13.909745,15.180075,7581.6514,7585.6885
1972-06-01,18.66186,19.848082,34072.867,30452.656
1972-07-01,22.488634,24.17629,38215.766,35464.855
1972-08-01,20.420422,21.918167,40965.676,40508.055
1972-09-01,17.595205,18.596746,24974.16,22547.998
1972-10-01,12.012188,11.99699,125568.25,135988.48
1972-11-01,3.3255906,4.4170628,37420.67,45837.29
1972-12-01,1.2474766,1.2187656,48624.758,55412.766
1973-01-01,0.16070156,0.90678984,19321.824,23225.791
1973-02-01,2.705414,3.6309938,61830.508,65545.08
1973-03-01,2.8607593,3.0210032,84038.625,114878.49
1973-04-01,7.147609,8.310402,14556.066,15005.962
1973-05-01,14.096547,15.578919,33094.78,21400.582
1973-06-01,18.65246,20.313463,13573.252,13268.156
1973-07-01,21.270864,23.191967,51941.617,32959.28
1973-08-01,20.734682,22.282541,31872.012,30597.555
1973-09-01,17.426556,18.675905,1666.6953,175.32227
1973-10-01,12.765206,13.682775,338.12988,1218.5928
1973-11-01,6.3475733,6.78166,25463.986,28572.88
1973-12-01,2.9315813,3.70196,1919.6924,1825.1416
1974-01-01,1.6598438,1.7935998,61851.805,63040.004
1974-02-01,2.1806328,3.4905283,5227.9316,2877.2705
1974-03-01,7.328858,8.059458,29747.809,26997.938
1974-04-01,9.272366,10.290487,6586.3926,5235.5713
1974-05-01,14.986541,16.269802,1082.9082,65.64453
1974-06-01,21.722147,23.03773,727.53906,447.8203
1974-07-01,21.464266,22.859568,46844.95,59361.324
1974-08-01,19.95782,21.63578,35318.633,34497.246
1974-09-01,17.32441,19.056616,30278.266,27735.559
1974-10-01,12.558104,13.387255,85285.47,58930.227
1974-11-01,6.0880046,6.7705283,7263.714,21670.895
1974-12-01,0.67520154,1.2738597,14590.913,18950.889
1975-01-01,1.4928657,2.2253172,26551.822,17993.232
1975-02-01,2.0997126,2.9912505,40790.926,25097.453
1975-03-01,4.5907173,5.0862265,51480.742,44995.04
1975-04-01,6.139128,6.61513,30021.234,32115.936
1975-05-01,12.151541,13.539042,5076.6035,4714.8154
1975-06-01,17.992552,19.076872,170.03809,142.85254
1975-07-01,21.565899,23.11211,48432.848,64214.98
1975-08-01,20.752708,22.072702,22508.322,13735.939
1975-09-01,17.376032,19.211233,41349.0,29881.342
1975-10-01,12.160275,12.919638,3149.9229,8085.074
1975-11-01,5.8559375,6.8979983,32451.297,40976.0
1975-12-01,2.4011843,3.6625628,22675.934,24279.812
1976-01-01,1.8259953,3.6330261,7860.5215,3572.6182
1976-02-01,5.177431,5.837654,55743.094,96939.21
1976-03-01,4.945633,5.795066,28492.762,25414.023
1976-04-01,8.830889,9.229889,25672.035,44734.094
1976-05-01,14.180233,15.626423,31326.506,34170.836
1976-06-01,18.872257,19.628374,3789.914,1189.8555
1976-07-01,21.036331,22.937254,61280.72,68589.31
1976-08-01,20.157223,21.330591,35900.07,16189.753
1976-09-01,16.79495,17.865145,46235.8,57720.938
1976-10-01,10.370764,11.954348,20468.973,18666.527
1976-11-01,6.0755014,7.9269714,10431.062,1905.084
1976-12-01,2.2302186,3.1188323,7735.9326,12323.974
1977-01-01,1.2317,2.0620608,41264.15,38263.016
1977-02-01,4.2096376,5.4841375,8696.694,11874.106
1977-03-01,3.9664657,4.9485383,25040.938,10077.874
1977-04-01,9.883877,11.17758,16838.938,18186.35
1977-05-01,12.429798,12.516473,7090.9326,17779.268
1977-06-01,19.79993,20.945776,12454.943,13351.532
1977-07-01,21.905851,23.667002,61265.055,39014.14
1977-08-01,21.397665,22.946255,57262.367,55824.688
1977-09-01,18.380949,19.48654,45949.168,45663.85
1977-10-01,13.388963,14.34208,31704.715,31993.688
1977-11-01,7.4827375,8.484702,11116.836,8302.902
1977-12-01,5.168725,5.875842,12114.037,22927.164
1978-01-01,3.057797,3.8253212,65943.34,85730.7
1978-02-01,3.3217468,4.395143,67719.81,79587.95
1978-03-01,7.671542,8.649427,94614.195,118247.914
1978-04-01,9.757286,9.947755,11990.311,23494.094
1978-05-01,13.342675,14.242981,15909.116,13224.687
1978-06-01,19.90983,20.81668,3930.917,1110.7637
1978-07-01,22.27085,23.559591,35527.82,26470.61
1978-08-01,20.15877,21.88567,48018.203,32725.516
1978-09-01,17.578138,18.754005,19323.707,16581.2
1978-10-01,13.933505,15.359717,34800.98,21032.615
1978-11-01,6.422975,6.833155,101644.56,111316.664
1978-12-01,0.59351873,0.95706487,90068.89,85937.55
1979-01-01,-0.3956422,-0.19309305,94356.734,88559.04
1979-02-01,2.6176312,2.7563848,25409.809,27814.227
1979-03-01,5.0583515,5.9214168,59438.406,68596.8
1979-04-01,9.650657,10.198571,8979.332,7531.3438
1979-05-01,13.079432,14.363426,37864.207,32746.729
1979-06-01,18.689236,19.74216,13465.15,5271.2227
1979-07-01,21.908146,23.36373,24077.578,22973.055
1979-08-01,19.623396,21.079704,46808.723,57837.223
1979-09-01,19.510845,21.019133,9740.674,5081.9424
1979-10-01,14.007396,14.711927,12692.869,16595.46
1979-11-01,4.31045,5.4478416,16302.361,10631.206
1979-12-01,3.6419141,4.6386456,22095.809,20178.275
1980-01-01,3.3609939,4.2134857,102564.664,128584.91
1980-02-01,4.9652596,6.092103,116977.734,136465.62
1980-03-01,5.0825844,5.6840568,50144.395,51820.125
1980-04-01,9.259259,10.316118,14174.325,26476.863
1980-05-01,12.111857,12.554233,7904.4893,17235.73
1980-06-01,19.837843,20.073963,1848.5752,1918.126
1980-07-01,22.62095,24.070292,55683.812,50379.203
1980-08-01,20.484522,22.366426,56074.797,32853.703
1980-09-01,18.122171,19.51353,24306.492,12716.867
1980-10-01,11.709978,13.255265,15998.348,17058.209
1980-11-01,6.647561,8.187537,4603.0693,152.2959
1980-12-01,5.602725,6.8246145,19880.018,15192.193
1981-01-01,4.423723,5.4072614,16729.02,12676.575
1981-02-01,4.921633,5.919959,24961.812,25326.531
1981-03-01,5.129145,6.3995986,66973.3,64291.22
1981-04-01,11.561526,12.696893,19132.027,22161.527
1981-05-01,14.206377,15.298571,11467.123,13286.353
1981-06-01,21.04068,22.658913,15521.3955,13848.844
1981-07-01,22.141731,24.01155,49960.25,50513.992
1981-08-01,21.260933,22.823036,39061.61,63091.32
1981-09-01,18.046204,19.232012,27389.496,40003.406
1981-10-01,11.615496,11.803227,27550.79,40570.758
1981-11-01,7.766797,8.66286,31379.025,51160.605
1981-12-01,4.4550967,5.0608635,1111.919,2023.0361
1982-01-01,2.0932374,2.3567057,67517.13,66126.625
1982-02-01,4.033411,5.038128,46343.43,60142.34
1982-03-01,5.81855,6.389616,55073.15,84476.516
1982-04-01,9.766917,10.403498,4741.508,9944.177
1982-05-01,13.313151,14.532762,24825.16,30080.133
1982-06-01,17.853785,18.787724,2263.0957,28.330078
1982-07-01,21.297087,22.723997,48888.71,24437.387
1982-08-01,20.828163,22.72346,75521.7,66741.516
1982-09-01,18.27799,18.930834,33415.92,34238.29
1982-10-01,10.958392,11.6962805,1752.8555,4703.826
1982-11-01,5.9877,6.408693,69985.59,79431.06
1982-12-01,1.8738781,2.481233,63750.523,73921.85
1983-01-01,2.708775,3.7093875,45759.89,31843.02
1983-02-01,3.5839813,4.795121,38120.367,52863.355
1983-03-01,5.3008533,6.2336516,83871.7,93818.14
1983-04-01,6.4243217,7.24839,19105.02,28550.83
1983-05-01,13.279573,14.541417,3197.6719,2039.8975
1983-06-01,17.829811,19.067966,1861.6318,343.9287
1983-07-01,21.641813,23.21817,55551.33,45233.9
1983-08-01,20.665092,22.194021,55741.43,74845.85
1983-09-01,19.56271,20.807796,72002.44,125082.414
1983-10-01,12.44962,13.368029,55241.67,23379.162
1983-11-01,5.803284,6.6482997,42207.14,30460.684
1983-12-01,3.3482609,4.2597117,43871.78,50833.29
1984-01-01,2.4019344,4.0042973,13956.09,8201.173
1984-02-01,3.0675156,4.4911547,864.0869,2373.0264
1984-03-01,6.543911,7.8194404,11546.9795,10960.622
1984-04-01,8.539566,9.923251,16706.56,10036.104
1984-05-01,16.78827,18.621511,5186.994,3784.9844
1984-06-01,18.94905,19.989302,16234.661,11299.832
1984-07-01,21.399046,23.226995,55112.023,77454.305
1984-08-01,20.089003,21.910881,79184.766,74660.55
1984-09-01,18.188248,19.84336,55964.85,38707.918
1984-10-01,9.475294,10.38377,60680.547,16826.172
1984-11-01,6.019808,6.3187337,20350.912,33131.527
1984-12-01,2.552372,2.3956625,90039.8,105133.56
1985-01-01,1.4877375,2.1543953,51393.457,49472.703
1985-02-01,1.9445485,3.2913203,32545.742,32665.86
1985-03-01,5.920436,6.2622504,42975.14,43709.113
1985-04-01,11.03404,12.496937,30003.361,30574.236
1985-05-01,14.644896,15.85751,3723.1543,6785.9414
1985-06-01,20.247595,21.912205,6093.749,2162.8066
1985-07-01,22.463,24.262817,47340.664,56357.4
1985-08-01,21.078468,23.185328,35316.676,15098.79
1985-09-01,15.954214,16.849878,63851.402,43429.383
1985-10-01,11.918389,13.323197,35444.164,31248.46
1985-11-01,5.505044,5.825625,51320.367,97408.16
1985-12-01,2.718411,4.165628,10282.003,5933.9297
1986-01-01,5.465136,6.8462753,5685.4453,5363.01
1986-02-01,4.861059,6.1314774,45763.223,37194.945
1986-03-01,8.063501,9.267516,49198.35,62357.664
1986-04-01,10.71695,11.430961,6296.426,14662.924
1986-05-01,14.556638,15.894596,5291.0293,6506.8564
1986-06-01,19.837992,21.315105,16402.758,15703.509
1986-07-01,20.645575,22.110117,43747.016,63777.508
1986-08-01,21.441273,22.902773,69982.13,73961.53
1986-09-01,16.2185,16.329954,25742.188,52193.914
1986-10-01,10.686225,11.475854,36287.66,34869.3
1986-11-01,6.2764235,7.4320903,54044.29,18980.393
1986-12-01,2.4082313,3.2222676,37206.555,40235.758
1987-01-01,1.1565015,1.8943921,38905.89,44880.297
1987-02-01,2.8511267,3.8910136,49592.125,52188.895
1987-03-01,4.254403,5.311382,26449.707,31539.242
1987-04-01,11.063379,12.723209,9488.431,7902.4717
1987-05-01,13.366558,15.122464,18724.525,21873.23
1987-06-01,19.440418,21.418625,11297.113,9875.747
1987-07-01,20.740696,22.02811,38522.77,29929.65
1987-08-01,20.172716,21.799997,48983.133,54125.094
1987-09-01,17.002264,18.889294,17154.824,19572.604
1987-10-01,14.191097,15.317861,27858.184,67501.305
1987-11-01,5.5986905,6.371041,37086.117,65613.086
1987-12-01,0.78321564,1.6668866,38926.637,35252.836
1988-01-01,1.3236984,2.660618,35271.266,38675.195
1988-02-01,5.0259156,6.0275583,22973.84,33622.457
1988-03-01,6.310842,7.3454847,3712.6152,2117.874
1988-04-01,9.818773,10.955994,51629.344,72290.625
1988-05-01,14.451252,15.103482,3019.7002,786.53613
1988-06-01,20.104454,21.54867,16202.369,14978.115
1988-07-01,22.26712,23.973082,48494.305,41479.47
1988-08-01,20.493406,22.021965,106602.93,96863.81
1988-09-01,16.608656,17.902393,18147.746,8608.602
1988-10-01,14.611693,16.244003,22558.025,14305.892
1988-11-01,6.3856783,7.3823724,17032.516,24284.156
1988-12-01,1.754425,2.4173281,17395.328,12152.283
1989-01-01,1.1339422,2.004121,41678.203,44907.293
1989-02-01,4.59382,5.0924087,16300.142,13195.091
1989-03-01,8.639206,10.300545,32465.605,31903.908
1989-04-01,13.3062,14.737089,1279.1406,46.80957
1989-05-01,15.590111,16.714024,4733.8994,9703.256
1989-06-01,19.667294,20.995111,103.47754,356.62988
1989-07-01,22.783688,24.539627,43968.164,50238.508
1989-08-01,20.377926,21.949608,41827.625,42345.367
1989-09-01,18.407595,19.564022,8704.117,3766.4482
1989-10-01,12.049107,13.307389,27818.414,19731.031
1989-11-01,6.846267,8.336211,3246.796,460.88477
1989-12-01,2.7672813,3.9305272,11035.242,18868.975
1990-01-01,1.7782062,2.18938,16515.984,37885.652
1990-02-01,2.0605266,3.3081474,30887.287,43462.953
1990-03-01,6.7255907,8.028315,24892.918,32162.223
1990-04-01,11.027544,12.199451,16384.664,29522.148
1990-05-01,13.7406435,14.725073,9062.742,12653.226
1990-06-01,21.8858,22.266325,3180.9844,6040.0127
1990-07-01,21.459631,23.135065,62108.633,85927.56
1990-08-01,19.494003,21.252687,55976.52,56317.81
1990-09-01,18.396698,19.7489,47143.875,64673.555
1990-10-01,12.605613,13.875146,8168.0947,10255.848
1990-11-01,6.690753,7.605248,35459.67,18978.367
1990-12-01,0.40275937,0.39450964,70111.64,28171.396
1991-01-01,1.8901765,3.0192049,32472.328,31106.248
1991-02-01,5.8248124,7.4758897,31025.023,30309.152
1991-03-01,3.548675,4.428201,96153.11,132894.58
1991-04-01,9.025836,9.909251,334.76465,0.0
1991-05-01,13.324356,13.853486,1528.4414,529.09375
1991-06-01,17.39975,18.298693,7543.456,9194.376
1991-07-01,21.688135,23.601814,25836.96,27198.037
1991-08-01,20.88117,22.819586,67480.79,40796.895
1991-09-01,17.597506,19.321852,29206.062,32299.18
1991-10-01,13.643358,14.865051,16924.938,19546.246
1991-11-01,5.42435,6.887882,47377.137,49494.61
1991-12-01,2.1192672,3.1616294,49556.184,52566.414
1992-01-01,0.39194688,2.4304385,36682.152,41628.008
1992-02-01,4.3827705,5.8539786,34908.64,60124.23
1992-03-01,6.1817045,7.022445,58055.254,87420.2
1992-04-01,11.906666,13.1880455,9840.345,10143.637
1992-05-01,13.913681,15.827342,49782.34,56588.31
1992-06-01,18.004263,19.283796,12511.037,9104.638
1992-07-01,20.844437,22.50915,44559.234,43190.355
1992-08-01,20.064941,22.009424,94026.39,116417.984
1992-09-01,18.238213,19.571148,16856.492,3380.5107
1992-10-01,13.53185,14.499176,18383.098,28266.963
1992-11-01,3.6589015,5.048498,10383.197,4497.869
1992-12-01,0.97495,1.1868641,95955.45,98412.28
1993-01-01,3.0915437,3.8377612,141530.66,174045.97
1993-02-01,3.206411,4.280012,85617.25,131312.97
1993-03-01,7.144514,8.656423,30851.518,36202.746
1993-04-01,10.835201,12.128928,2992.2598,697.35645
1993-05-01,15.135592,16.415632,6977.16,20663.871
1993-06-01,19.397371,20.2094,1645.5498,4099.585
1993-07-01,21.320566,22.675133,6462.448,1715.501
1993-08-01,20.854029,22.243528,59061.367,72168.625
1993-09-01,17.659763,19.009233,21243.549,8634.515
1993-10-01,11.916797,13.162164,38295.016,47129.117
1993-11-01,5.1471267,5.7134867,38678.855,46141.21
1993-12-01,2.6148157,3.128202,11439.452,9967.633
1994-01-01,3.3964937,4.3299775,9473.203,6929.0674
1994-02-01,2.7656531,3.4855664,51851.08,42134.89
1994-03-01,7.442308,8.757031,36801.637,34482.277
1994-04-01,10.186041,11.260971,17283.871,31072.89
1994-05-01,13.837639,15.020187,19972.617,16580.604
1994-06-01,21.633444,22.770658,11618.611,3233.456
1994-07-01,22.528753,24.145258,32623.523,23727.938
1994-08-01,22.40444,24.267986,51149.56,49246.086
1994-09-01,18.502386,20.03893,48153.094,47165.0
1994-10-01,11.272319,12.086212,41644.516,21499.105
1994-11-01,4.46995,4.466065,51107.25,27918.88
1994-12-01,3.6390765,4.1102986,39980.387,45414.664
1995-01-01,2.1415577,3.047163,70706.2,84852.5
1995-02-01,6.8742423,8.067615,44957.156,64860.86
1995-03-01,7.0670686,7.8631973,46473.133,59705.344
1995-04-01,8.551455,9.773632,13171.058,27216.777
1995-05-01,12.008424,13.056212,8389.495,13830.332
1995-06-01,18.110989,18.912655,1904.0479,4001.4355
1995-07-01,22.300406,23.722105,13069.557,12113.929
1995-08-01,22.531137,24.358746,59027.312,60155.508
1995-09-01,18.796776,20.350092,33226.832,46847.79
1995-10-01,13.698589,14.486125,851.82227,1214.3281
1995-11-01,9.3623705,10.637108,19656.543,8149.8584
1995-12-01,3.7151797,4.5991893,15154.1045,6398.176
1996-01-01,3.86855,4.317282,11748.516,5074.998
1996-02-01,6.7191377,7.582781,29581.254,34886.4
1996-03-01,6.8988643,8.406673,10214.741,13964.555
1996-04-01,11.17,12.743839,1889.1553,1623.5801
1996-05-01,16.504692,17.626186,814.4346,352.01758
1996-06-01,21.166676,22.314344,9454.422,2469.1094
1996-07-01,22.681074,24.872597,66012.68,59333.04
1996-08-01,21.366068,23.708828,45510.344,33971.688
1996-09-01,16.46064,18.132322,50145.105,57813.27
1996-10-01,11.967668,12.872648,29695.53,12606.32
1996-11-01,6.9288454,7.839846,23222.848,24072.387
1996-12-01,3.7938375,4.65666,3487.6133,7166.5283
1997-01-01,1.7147532,3.0745535,68079.69,86688.5
1997-02-01,3.3814077,4.5702887,41508.207,31425.828
1997-03-01,8.528744,9.807651,5906.2324,461.1338
1997-04-01,9.275547,10.239323,11386.607,35193.734
1997-05-01,16.410112,18.043465,9680.007,11122.663
1997-06-01,18.732603,19.626987,7247.743,4456.6885
1997-07-01,21.942717,23.421906,22425.188,11415.504
1997-08-01,21.301792,22.835815,41162.414,65902.2
1997-09-01,19.87738,20.674828,29940.52,72265.06
1997-10-01,11.651989,12.601369,32506.246,16179.9375
1997-11-01,7.3076954,7.9581604,18128.23,15842.131
1997-12-01,0.46231562,1.9429178,54492.35,47925.82
1998-01-01,3.6430063,4.23843,15634.487,27956.332
1998-02-01,1.8057531,2.544916,66341.53,77976.42
1998-03-01,5.4768624,6.538586,56690.492,76448.69
1998-04-01,7.3568454,8.071595,19526.004,34088.465
1998-05-01,13.267057,13.36962,1372.7461,17505.658
1998-06-01,18.064476,18.277002,1337.8613,1175.1543
1998-07-01,22.632612,24.00025,47969.438,64465.004
1998-08-01,21.943151,23.709763,34230.9,49104.953
1998-09-01,19.448893,19.162062,16217.616,45263.664
1998-10-01,12.444155,12.555253,36972.26,39087.137
1998-11-01,7.570456,7.704752,30664.012,33273.793
1998-12-01,3.1212938,3.887844,13352.354,7290.4824
1999-01-01,4.2268734,5.2806787,2903.2285,5480.37
1999-02-01,5.7547565,6.6293273,9174.052,15027.523
1999-03-01,8.178963,8.933144,8104.377,9817.014
1999-04-01,7.760194,8.394029,41434.113,46575.61
1999-05-01,14.204082,15.218727,1702.9639,4155.878
1999-06-01,18.917702,20.399525,12759.944,14429.754
1999-07-01,20.952318,22.770998,87621.98,90283.24
1999-08-01,20.674503,22.0743,81216.87,51386.598
1999-09-01,18.169983,18.972532,41515.492,93975.47
1999-10-01,13.854011,14.7986765,204.45898,29.38379
1999-11-01,9.926289,10.411476,9.451172,22.483398
1999-12-01,1.8421407,3.4040737,913.92676,627.8584
2000-01-01,4.7306266,5.1051245,7006.338,11629.882
2000-02-01,5.882242,6.6365075,11449.807,30196.533
2000-03-01,6.612394,7.347991,46265.742,66258.5
2000-04-01,12.326759,13.476052,4145.0596,5322.784
2000-05-01,17.5556,18.4581,413.08496,694.34766
2000-06-01,20.982595,22.322817,27768.5,22182.756
2000-07-01,23.045948,24.436657,17058.629,7322.0117
2000-08-01,21.479185,23.059153,75491.984,72700.86
2000-09-01,19.88143,20.63553,2443.038,3691.0244
2000-10-01,11.68736,12.571185,95600.445,102521.14
2000-11-01,3.3089204,4.001922,36382.53,22275.742
2000-12-01,4.230764,5.2226477,6514.715,2051.79
2001-01-01,1.5513124,2.3415473,43503.297,49133.168
2001-02-01,3.5966735,3.9925199,28203.117,32241.309
2001-03-01,7.12645,8.554162,20706.059,35575.24
2001-04-01,10.334293,10.931525,38913.34,27210.31
2001-05-01,16.643152,18.407112,20975.531,13861.631
2001-06-01,20.506153,21.935232,4612.6416,9642.116
2001-07-01,21.988089,23.509544,51071.367,31079.139
2001-08-01,21.146486,22.874456,62118.094,66123.95
2001-09-01,19.47948,20.979927,12651.201,7435.204
2001-10-01,14.260033,15.416477,11773.404,20430.055
2001-11-01,8.0114,8.791454,7126.909,10286.286
2001-12-01,1.5869734,2.0508316,19586.871,25114.645
2002-01-01,2.7895532,3.6033044,10941.368,2509.8945
2002-02-01,4.5015545,5.805243,1808.5283,550.17773
2002-03-01,6.3987594,7.319883,12104.687,8008.8496
2002-04-01,12.936489,13.42765,6776.2207,9165.874
2002-05-01,14.936002,16.145311,705.7217,232.76172
2002-06-01,21.418697,22.492495,296.40332,107.64551
2002-07-01,22.955687,25.273535,61472.617,30673.598
2002-08-01,21.59649,23.617907,32521.332,11626.246
2002-09-01,18.592855,19.769909,41720.33,64096.18
2002-10-01,11.665352,12.635849,14602.978,24489.477
2002-11-01,7.3133063,8.157609,21199.488,24806.746
2002-12-01,2.1323843,2.750288,35826.344,18986.316
2003-01-01,6.486711,7.3648806,9408.896,9377.593
2003-02-01,4.111192,5.0905814,75918.44,88724.16
2003-03-01,6.359622,7.5722547,36836.094,46004.414
2003-04-01,9.336905,9.759107,4974.449,8840.095
2003-05-01,15.733578,17.172756,2808.7559,3714.7021
2003-06-01,19.99997,21.34202,2079.1543,1758.7988
2003-07-01,24.163488,25.921774,31338.08,30398.29
2003-08-01,21.921013,23.546072,46099.055,69013.516
2003-09-01,19.052616,20.663643,34878.047,31437.273
2003-10-01,15.417119,16.98075,12487.877,4453.8076
2003-11-01,6.6526623,6.745297,34152.727,38732.04
2003-12-01,3.4216797,3.7982342,15057.117,16502.664
2004-01-01,2.9531047,3.8737943,24350.709,16316.78
2004-02-01,1.9501125,3.089851,25504.186,37868.04
2004-03-01,10.317064,11.77862,33584.688,12122.265
2004-04-01,9.804854,11.232002,29970.076,41329.953
2004-05-01,15.715361,16.72345,233.46484,20.614258
2004-06-01,19.502619,20.990442,2276.2031,209.63184
2004-07-01,21.614353,23.434149,33340.496,32005.617
2004-08-01,20.145,22.060736,40290.203,39738.81
2004-09-01,17.480947,18.954193,35926.562,56316.207
2004-10-01,11.734147,12.5601015,27733.938,75146.69
2004-11-01,5.3579593,6.045729,34989.07,66960.22
2004-12-01,3.2940829,4.001658,48330.0,65528.84
2005-01-01,4.2075343,4.76017,69470.51,113638.45
2005-02-01,4.6913,5.3437176,94029.92,110324.0
2005-03-01,6.1300187,7.323975,25877.178,36945.58
2005-04-01,10.353411,10.838055,15418.062,28518.266
2005-05-01,15.635096,16.71727,4280.342,2885.96
2005-06-01,19.446335,20.034725,3095.5107,13031.672
2005-07-01,23.269337,24.879576,26208.352,35430.29
2005-08-01,20.492376,21.94793,56868.566,73057.69
2005-09-01,19.033598,19.496815,21167.67,8179.6377
2005-10-01,13.404454,14.300698,23055.156,31574.7
2005-11-01,8.192047,9.037516,772.7031,3804.709
2005-12-01,4.2838063,4.632715,1458.0391,445.0547
2006-01-01,4.079077,4.3688693,5295.5195,3038.2666
2006-02-01,5.9476876,6.3603826,895.4619,1592.3652
2006-03-01,5.4890985,5.8642445,39475.316,43679.82
2006-04-01,11.10365,11.843433,11106.804,13137.688
2006-05-01,16.775604,17.942636,2112.2441,2166.8242
2006-06-01,21.567034,23.077995,9698.143,11383.757
2006-07-01,22.81024,24.827793,69716.55,62959.746
2006-08-01,20.132004,22.199335,75475.836,51739.176
2006-09-01,16.185278,17.935246,27700.02,37303.234
2006-10-01,11.65114,12.710214,36439.37,36501.28
2006-11-01,8.334528,9.046029,4486.8955,1230.4736
2006-12-01,3.073425,3.5606272,7201.83,12634.687
2007-01-01,0.7544562,1.8953867,33817.996,20795.738
2007-02-01,4.4755173,5.7149878,30324.734,21253.992
2007-03-01,8.65696,9.897797,22045.121,23336.506
2007-04-01,10.957861,12.277418,5242.417,4340.912
2007-05-01,15.483873,17.215706,10624.576,2851.2344
2007-06-01,20.437897,21.834232,4275.423,341.6416
2007-07-01,22.720528,24.854708,56988.992,70237.95
2007-08-01,21.769016,23.80178,55491.03,48247.516
2007-09-01,18.66815,19.751154,22195.777,32704.514
2007-10-01,13.243702,13.93643,4438.6787,4302.451
2007-11-01,10.150544,10.677205,19176.89,14784.561
2007-12-01,1.6614984,2.2415805,74906.31,83518.09
2008-01-01,1.2461188,1.9409395,74948.45,84250.98
2008-02-01,4.273266,5.032542,48972.05,52230.66
2008-03-01,7.1806717,8.431212,3199.1768,2611.4805
2008-04-01,10.526945,11.467411,1156.5615,201.49219
2008-05-01,13.085823,14.176608,31465.566,20871.742
2008-06-01,20.416565,21.71738,4902.5234,1435.5791
2008-07-01,21.554163,24.0507,65749.16,51433.438
2008-08-01,20.977701,23.310396,66877.8,68223.234
2008-09-01,18.073248,19.791319,23783.006,14013.587
2008-10-01,13.203414,14.488443,22040.662,3222.253
2008-11-01,8.343329,9.658012,19422.887,33881.25
2008-12-01,3.4306734,3.4140553,78356.93,82541.11
2009-01-01,4.4126453,5.392997,18305.719,14332.755
2009-02-01,5.1185017,5.3340898,28240.375,44902.96
2009-03-01,7.9034953,8.633868,8064.9434,2192.662
2009-04-01,9.866505,10.876163,9573.26,12625.179
2009-05-01,16.5402,18.285986,17777.14,27643.39
2009-06-01,17.936487,19.251152,15879.758,5396.3604
2009-07-01,23.05094,24.923742,30696.799,28052.102
2009-08-01,21.642473,23.084919,22667.86,14798.2705
2009-09-01,17.783144,20.113028,34960.438,21400.879
2009-10-01,11.434597,12.38223,5936.161,1589.6143
2009-11-01,8.334597,9.2863455,5681.372,3874.663
2009-12-01,0.73855627,1.2565948,33463.79,54607.87
2010-01-01,2.8193266,3.911121,110080.88,98250.734
2010-02-01,3.0123765,4.581062,31238.527,44793.688
2010-03-01,5.867411,6.959296,32785.46,35049.15
2010-04-01,9.743075,10.014547,6952.373,7820.158
2010-05-01,13.320413,14.028092,3261.5908,714.1543
2010-06-01,20.019526,20.86089,4575.74,1158.1836
2010-07-01,22.206306,24.418753,76682.48,55966.01
2010-08-01,21.303411,22.65088,45776.953,50214.48
2010-09-01,19.705618,20.743402,29410.707,13274.64
2010-10-01,13.252249,14.067719,20099.809,66107.71
2010-11-01,5.5367985,6.589515,8169.716,12042.727
2010-12-01,5.5049033,5.8650603,41030.465,71458.31
2011-01-01,2.464675,3.550906,2138.2324,865.16895
2011-02-01,2.1696782,3.1304672,24698.465,45706.727
2011-03-01,8.820582,8.868958,6014.92,11515.297
2011-04-01,11.36822,11.830441,7072.4688,13667.365
2011-05-01,13.148129,14.123428,6779.0117,10762.1
2011-06-01,20.142044,20.668148,263.17676,0.0
2011-07-01,22.372646,24.065413,49748.9,44719.348
2011-08-01,22.542784,24.67004,51665.336,27723.71
2011-09-01,18.882538,20.631577,23056.445,38939.383
2011-10-01,12.951027,14.217271,18187.266,24943.543
2011-11-01,6.241819,7.1199613,26353.004,28469.953
2011-12-01,1.288614,2.2174664,52902.387,51689.062
2012-01-01,4.553203,5.430683,12970.13,5964.632
2012-02-01,4.2682185,5.0119443,14842.65,12343.8955
2012-03-01,7.0740438,7.984021,20540.117,36210.227
2012-04-01,12.1601715,12.84892,7053.3076,16157.482
2012-05-01,16.089014,17.176287,644.19434,303.81445
2012-06-01,21.80185,22.418108,2097.628,981.0918
2012-07-01,22.020037,23.651854,61077.29,74689.61
2012-08-01,21.988138,23.57511,55044.27,64934.562
2012-09-01,18.564518,19.825453,20583.71,20951.51
2012-10-01,13.947471,14.709465,3689.3076,10427.559
2012-11-01,8.994307,9.526174,16142.914,8108.036
2012-12-01,2.5112126,2.8520005,44557.043,48833.96
2013-01-01,0.4730328,1.6280149,42698.36,58569.19
2013-02-01,1.9355218,3.1614964,21394.547,21502.326
2013-03-01,8.917195,9.838444,26091.262,23458.447
2013-04-01,11.113416,11.954337,14969.987,4460.2793
2013-05-01,15.190472,16.030958,1978.3887,1855.8408
2013-06-01,22.075506,22.95202,407.21094,196.1123
2013-07-01,21.975407,23.971306,84746.35,75134.59
2013-08-01,20.940243,22.533066,65237.65,71343.07
2013-09-01,18.103117,18.839092,37429.316,44910.234
2013-10-01,11.470532,11.613731,7702.4795,7413.92
2013-11-01,7.344961,8.112111,45854.21,51380.797
2013-12-01,2.7857156,2.9985723,10871.697,21378.646
2014-01-01,5.716481,6.2384167,406.66992,1607.0469
2014-02-01,7.091569,7.166455,5507.5605,6107.749
2014-03-01,8.389955,9.466146,33854.133,24570.055
2014-04-01,10.966809,11.902657,5749.9443,13213.388
2014-05-01,14.6816435,15.980884,2003.002,2024.0938
2014-06-01,21.02507,21.615831,290.10254,178.79297
2014-07-01,22.472807,24.28002,56337.957,44884.29
2014-08-01,20.00245,21.255436,70715.82,105451.43
2014-09-01,18.978281,20.076366,56420.023,60720.797
2014-10-01,14.322728,15.42088,22108.719,9556.321
2014-11-01,7.6290607,8.528235,10696.808,2319.6982
2014-12-01,4.0623455,4.763884,30218.738,58752.016
2015-01-01,4.5772266,5.4619045,45124.086,50554.312
2015-02-01,8.066936,8.8066025,12733.77,21327.771
2015-03-01,9.565828,10.637708,18505.05,48623.086
2015-04-01,10.754396,11.48078,13655.064,13940.692
2015-05-01,12.923919,13.824939,22663.209,36259.652
2015-06-01,21.24735,22.580925,23079.414,19431.008
2015-07-01,21.161198,22.77473,59303.21,41761.227
2015-08-01,22.119951,23.671883,47449.234,47129.133
2015-09-01,19.27341,21.034061,38929.906,28407.566
2015-10-01,13.812762,15.263466,44737.31,54268.676
2015-11-01,6.2429314,6.354778,40632.91,31332.904
2015-12-01,2.5670156,2.7436728,27240.434,16801.273
2016-01-01,2.820264,3.5775168,32886.12,46695.4
2016-02-01,6.959344,8.0175905,11338.659,9435.234
2016-03-01,9.241519,9.81912,1294.5732,4442.785
2016-04-01,10.574593,11.770592,11550.134,20664.594
2016-05-01,13.900242,14.811515,13585.626,23019.43
2016-06-01,22.203959,23.600622,13230.7705,10703.621
2016-07-01,23.130257,24.589848,36721.098,39483.42
2016-08-01,20.273848,21.778337,58371.625,79261.26
2016-09-01,18.137259,18.861378,26210.049,37967.957
2016-10-01,15.387042,15.752333,11903.504,10490.288
2016-11-01,7.8611298,9.145156,38482.496,32527.078
2016-12-01,4.8332376,4.79884,56535.227,78017.38
2017-01-01,2.8723593,3.3393855,69780.8,74412.44
2017-02-01,6.66978,7.2972,32776.54,51005.023
2017-03-01,10.142057,10.738678,11391.889,18784.95
2017-04-01,11.8109,12.562826,4969.0527,3461.9043
2017-05-01,14.700462,15.786407,6830.257,12605.8545
2017-06-01,22.26284,23.480093,2867.6611,1098.5449
2017-07-01,22.374275,24.405,74592.0,78990.24
2017-08-01,21.043594,22.682076,34199.68,48522.555
2017-09-01,18.646013,19.202269,12034.18,18787.738
2017-10-01,15.135217,15.397433,300.91992,77.43945
2017-11-01,11.94565,11.493653,3.4140625,183.12305
2017-12-01,5.835722,6.4594665,2094.0186,421.10938
2018-01-01,5.7921705,6.543347,17814.117,21287.152
2018-02-01,5.560684,5.4795294,33606.414,30046.598
2018-03-01,8.130605,8.383435,11138.221,16511.613
2018-04-01,13.544917,14.1758375,959.91504,821.45703
2018-05-01,16.46718,16.79189,3616.9785,8963.607
2018-06-01,21.922089,22.481215,8877.438,6441.54
2018-07-01,23.065712,24.840229,62521.41,86341.84
2018-08-01,21.785734,23.291914,54699.414,64563.64
2018-09-01,19.850082,20.855177,18915.36,9862.839
2018-10-01,11.51717,12.733997,60149.67,78884.89
2018-11-01,6.519941,7.2198396,6706.952,9131.788
2018-12-01,3.4493704,4.2172623,24198.59,9785.543
2019-01-01,3.2748954,4.399301,33404.94,52352.234
2019-02-01,2.2878547,2.486387,84809.36,111998.66
2019-03-01,7.5878906,8.224687,42664.246,37919.4
2019-04-01,11.7587,12.80397,9371.708,7343.205
2019-05-01,11.742234,12.677843,17314.453,37370.04
2019-06-01,19.696434,20.7106,1204.1025,729.22754
2019-07-01,23.105425,24.344542,24354.246,17160.11
2019-08-01,22.748768,24.425299,37181.39,12725.963
2019-09-01,18.866854,20.01566,40901.715,37769.45
2019-10-01,12.247562,12.664473,189.9541,580.041
2019-11-01,8.156597,8.7790985,75267.8,86853.04
2019-12-01,3.2011561,3.692005,39923.63,60109.703
2020-01-01,3.7813046,4.6676726,14728.722,7294.867
2020-02-01,4.7442408,5.7716417,45101.156,23577.914
2020-03-01,7.3074923,7.770913,53113.727,84112.164
2020-04-01,11.675428,12.091738,4552.0166,16679.002
2020-05-01,17.403574,18.060387,6474.164,3265.1328
2020-06-01,20.950998,21.529425,2498.6182,137.38965
2020-07-01,23.529005,24.916458,28343.07,19265.75
2020-08-01,24.002708,25.46527,20898.512,15800.484
2020-09-01,19.86482,21.341805,5589.7393,2803.6816
2020-10-01,15.401917,16.326002,11404.996,1436.7559
2020-11-01,8.966855,9.740364,13322.765,8972.643
2020-12-01,2.7548704,3.9595435,7319.7324,5324.4805
2021-01-01,3.50165,4.096299,35303.496,53676.25
2021-02-01,4.879725,5.643605,16498.42,6026.6865
2021-03-01,6.1702967,6.8873367,16753.375,33561.973
2021-04-01,12.182238,13.343079,7566.366,7721.8145
2021-05-01,15.734833,16.633816,2297.2256,2970.9814
2021-06-01,22.50365,23.869673,5136.4443,8098.3984
2021-07-01,22.165867,24.799772,108997.64,98996.31
2021-08-01,21.215662,23.07768,65323.863,51681.914
2021-09-01,18.925915,20.763824,38734.324,36916.195
2021-10-01,12.153567,12.4000435,15982.184,23311.363
2021-11-01,10.184292,10.648138,1046.3057,1212.3105
2021-12-01,5.4298205,5.0993166,53980.85,60996.734
2022-01-01,3.5128734,4.79992,13965.74,7770.462
2022-02-01,3.092025,4.7966075,16469.006,17619.496
2022-03-01,6.782139,8.467346,19756.578,24089.635
2022-04-01,12.10017,12.941758,417.70605,508.7832
2022-05-01,16.192678,17.359425,3.9541016,13.205078
2022-06-01,21.020487,22.739971,21706.77,17451.107
2022-07-01,22.903406,25.048147,63654.31,51608.203
2022-08-01,20.817253,23.183453,76343.516,78687.7
2022-09-01,19.51223,21.432123,26822.531,44477.008
2022-10-01,11.937569,13.712736,35751.61,36669.26
2022-11-01,4.7036514,5.6794534,16656.424,17307.861
2022-12-01,3.5674171,4.1996517,45757.33,39922.21
2023-01-01,1.0238438,2.0366535,69879.164,94057.74
2023-02-01,1.7481438,2.899342,40369.23,44309.656
2023-03-01,4.843455,5.3012886,55794.15,96259.445
2023-04-01,11.03145,11.755637,163.93066,313.01172
2023-05-01,14.922754,15.616417,16112.979,22011.37
2023-06-01,18.377975,18.78754,407.68066,1652.8477
2023-07-01,25.26105,26.378498,15395.706,17621.041
2023-08-01,22.596424,23.845661,36866.977,43129.617
2023-09-01,19.321865,19.540533,21777.719,25108.531
2023-10-01,14.391869,14.978996,7266.37,5561.7334
2023-11-01,7.9723797,8.843461,18856.016,9351.892
2023-12-01,4.334442,5.520479,23390.809,15574.841
2024-01-01,2.3152266,3.2296576,33006.402,29730.396
2024-02-01,4.6825204,5.3080993,51935.242,60532.234
2024-03-01,5.757006,6.865497,54402.2,55721.203
2024-04-01,10.292129,11.242856,13340.5205,18506.42
2024-05-01,14.3952675,15.636657,1671.543,1282.3369
2024-06-01,22.048454,23.672083,17759.453,18415.992
2024-07-01,23.940187,25.969099,40688.535,41301.402
2024-08-01,22.410698,24.220093,51007.67,44298.445
2024-09-01,19.858301,21.426498,9771.587,7033.9033
2024-10-01,15.919569,16.99918,11840.724,16876.988
2024-11-01,6.1101346,6.6599126,13165.763,4819.6064
2024-12-01,6.544944,7.0247893,672.0918,6.796875
2025-01-01,1.1158359,2.3971179,1731.1963,5754.288
2025-02-01,7.69705,8.393605,8164.4688,14129.689
2025-03-01,6.9995017,8.167544,28291.482,48312.71
2025-04-01,10.581228,11.300275,8697.487,17889.215
2025-05-01,14.989045,16.4193,4463.9395,13512.416
2025-06-01,21.514816,22.437496,9493.454,18557.39
2025-07-01,22.737514,24.319845,32371.848,21390.93
2025-08-01,23.253197,24.92083,20471.783,33469.94
2025-09-01,18.88762,20.004467,44300.26,47464.85
2025-10-01,14.361572,14.891587,52799.65,50298.21
2025-11-01,9.475894,10.363979,31741.346,72777.305
2025-12-01,7.307841,8.274456,5783.802,11494.198
2026-01-01,4.164547,5.7380075,25195.22,20218.195
2026-02-01,7.715839,8.6303425,23583.459,29818.23
2026-03-01,13.461802,14.712197,4911.4805,1429.8135
2026-04-01,11.983159,12.4657135,9620.142,15625.985
2026-05-01,15.674928,16.804207,16171.973,9862.741
