Time,Temp_Salt_SSP245,Temp_Verde_SSP245,Temp_Maricopa_SSP245,Precip_Salt_SSP245,Precip_Verde_SSP245,Precip_Maricopa_SSP245,Temp_Salt_SSP585,Temp_Verde_SSP585,Temp_Maricopa_SSP585,Precip_Salt_SSP585,Precip_Verde_SSP585,Precip_Maricopa_SSP585
2026-06-16 00:00:00,20.972582,21.974016,31.236763,461.62832468507986,475.8515884714143,27.744329975575965,21.405207,22.534292,31.400064,6192.295866956556,3543.7034561609835,834.7323634752684
2026-07-16 12:00:00,25.03429,27.007235,36.358704,19060.51021964522,6417.917433128605,3948.8813568267688,24.602316,26.768377,35.787857,47477.990319393575,31365.076755161863,27081.07227149667
2026-08-16 12:00:00,20.949894,22.427137,32.220314,39288.52651583729,10834.720166531042,14645.240444475712,21.238823,23.08964,32.690033,39420.63854945591,32705.90636250854,25530.815068668744
2026-09-16 00:00:00,18.813648,20.112804,30.477566,10896.836388659722,6962.768997673265,2434.3531582699143,19.887398,21.659208,31.3461,20961.371964222053,35531.38650418259,20287.838891206775
2026-10-16 12:00:00,15.049019,16.018923,25.397923,4063.474940456581,4711.486286919626,1130.4753650342263,15.762205,16.869446,26.057661,3136.1227289679846,2153.1115175906507,213.11694691644334
2026-11-16 00:00:00,8.614602,10.107072,18.914274,4876.948142557012,4100.321021511263,2108.3671319192945,9.96722,11.362991,19.49914,29758.46953393193,34161.321873776615,39244.604180334136
2026-12-16 12:00:00,4.0421515,4.830596,12.788249,7007.120177025354,3579.681066691319,3319.8598808571205,4.5269947,5.249514,13.494063,6480.071634865453,7534.815616131709,3529.504684143467
2027-01-16 12:00:00,3.5096846,4.6162796,13.038312,29425.99916884792,37912.334638880566,38009.71770563774,3.5278025,4.7483044,12.633329,12282.24895420717,10826.625592020719,10433.167224615681
2027-02-15 00:00:00,2.787819,3.7831976,12.068742,21478.837735997513,21194.744385627564,18381.699055287754,2.9025905,3.8561442,12.435706,17645.67532626679,28049.417618417647,11461.56798473312
2027-03-16 12:00:00,5.680874,6.960331,15.784096,5182.637426212023,9097.360811691033,2434.2390973818965,6.578037,7.625939,16.45012,28270.392872323282,35255.06201168464,29198.429317110276
2027-04-16 00:00:00,11.780796,12.65461,21.83041,797.4612465013706,1394.3967343680015,9.251130632492277,11.29915,12.193065,20.690226,12015.707023674622,16314.020381236332,14945.406403276138
2027-05-16 12:00:00,15.497102,17.004042,26.081177,456.491111210471,235.63865380988318,0.0,15.956688,17.562723,26.78832,3313.5432139026307,614.303182684398,227.82891321089664
2027-06-16 00:00:00,20.193686,21.562319,30.917742,3238.3846626271406,227.3247744233231,19.556373619252554,20.233839,21.419456,30.82103,3927.6858927387366,2241.8996824740134,39.32792693285592
2027-07-16 12:00:00,23.141878,24.755684,34.133804,23911.512238753494,31865.693860137253,24959.520713749953,22.96011,24.71382,34.02843,38335.57061426109,38860.96729535493,25888.407265667774
2027-08-16 12:00:00,22.213623,23.406391,32.987972,30226.890899817226,36488.10873712355,31815.826610507065,22.07511,23.758236,33.059093,9172.110811994935,9340.539916663329,5672.636646195542
2027-09-16 00:00:00,22.549284,24.297056,33.389614,11549.495166132601,19232.46836792532,6036.056406841908,22.051617,23.676567,32.359142,3179.0473078608557,8574.309960277787,787.0132267407826
2027-10-16 12:00:00,14.109472,15.654551,24.358301,1291.1081199343243,1342.63578811333,236.5768263022801,14.155977,15.411345,23.83652,7482.997061746573,3743.632576754453,1037.206031781625
2027-11-16 00:00:00,9.498953,10.653746,18.88056,8898.2288733132,14141.656569001498,11422.160455800622,8.348926,9.551437,17.68259,1960.959946105504,1798.7872294884255,73.3536028646995
2027-12-16 12:00:00,6.1371474,6.907879,15.149441,5248.007910198066,2891.6932100712984,1849.310321389703,5.5399785,6.3789783,13.86574,19069.72108502523,26855.15982940269,24037.725148405298
2028-01-16 12:00:00,0.97401553,2.9227734,11.365327,19504.62246646348,18271.878118102904,11415.134333307105,1.7352594,3.2452023,11.563441,11857.04414666252,12960.772089038801,8449.7222562135
2028-02-15 12:00:00,4.5586734,5.6153836,13.980953,45378.98397009121,47379.27431798307,50822.55719717941,3.78657,4.8281717,13.110051,12749.121328355977,18696.576158780954,11058.482558620744
2028-03-16 12:00:00,6.347769,7.7041507,16.197773,26866.87658127048,21033.825865903054,19603.6570337601,6.726146,8.724323,16.981537,13934.515976881084,18857.08036372962,9860.385117207443
2028-04-16 00:00:00,9.947605,10.341336,19.681337,3435.013106001861,13150.512721316773,6862.736487120856,9.720651,10.252354,19.536629,4175.388438728987,4585.542852857543,1202.8860481937045
2028-05-16 12:00:00,15.57922,17.087246,26.626184,668.1900009274159,657.6443016833309,311.06682898935105,16.289026,17.810385,26.650688,18.273702423857685,33.04227680096119,0.0
2028-06-16 00:00:00,20.809298,21.725292,30.942612,1835.9177329807608,211.34231819905835,74.72136533988305,21.24391,22.338818,31.055552,2969.0911106536078,414.5428678971257,440.74484260954705
2028-07-16 12:00:00,22.659462,24.727331,33.931725,26923.671541549265,23109.162638048292,20239.263062876034,23.44723,25.512745,34.360237,13897.673877079797,8761.241539247385,1863.82203635294
2028-08-16 12:00:00,22.842247,24.654945,33.985874,23914.41360100871,14715.793053001107,12939.63636016515,22.565786,24.870653,33.803265,38806.416515784804,57867.152488423744,47142.354529729346
2028-09-16 00:00:00,19.855042,21.326557,30.842855,13641.935727442615,5995.20528512403,7342.107890863645,18.939314,20.639881,30.132349,5516.346434567822,6252.690828900995,2973.4756199591175
2028-10-16 12:00:00,12.20341,13.220438,22.378624,28131.393094745,20740.92974462692,19723.30504006968,12.229946,13.44599,22.202703,1204.9354907912857,589.6857707652998,7.650000324474604
2028-11-16 00:00:00,7.666484,8.231853,16.454546,21910.152712109266,9410.490903224854,11013.008156885917,7.24589,8.153416,16.457315,12123.346875057905,18721.06849039119,9675.144475957495
2028-12-16 12:00:00,1.5025979,2.0916207,10.22639,4345.635904765368,3551.798901334132,1061.687092513921,1.4348992,2.5079503,10.343246,8971.386461035581,8034.854077877026,4611.554570506587
2029-01-16 12:00:00,3.3712873,4.3890147,12.196537,32620.941497205058,31790.34938190307,39347.567695748876,2.6876442,3.984109,11.635371,4051.4234356727684,2749.3168746603715,2216.9602876861063
2029-02-15 00:00:00,3.572165,4.4497743,12.610631,4897.922649687098,7835.34915522323,2451.8532257357947,3.0020912,4.205339,12.511079,7548.9805724151665,11094.159633418894,10127.674567963913
2029-03-16 12:00:00,7.2480283,8.854586,17.297203,13502.512434037635,13358.625507545366,12384.082454921372,6.600506,7.8583145,16.202188,1466.7879645819085,3163.1592382059353,1758.3459647388281
2029-04-16 00:00:00,11.29896,12.455608,22.23679,11424.114110937808,11559.748628860689,5680.417410716927,10.096892,11.499766,20.403227,5314.5410712459125,12179.022891810746,6704.7655034557465
2029-05-16 12:00:00,16.539564,17.528147,26.863241,2520.0525582459704,1664.7368990247742,180.6800381798439,16.659822,18.16907,26.994198,339.39465722987734,785.2360590962235,0.0
2029-06-16 00:00:00,19.496172,20.858286,29.991774,7501.1082520504715,7407.926042455074,2884.5263990028798,19.854345,21.188217,29.996508,280.813540476629,563.9519558644679,33.38904701240608
2029-07-16 12:00:00,23.49659,25.627876,34.536568,45944.523356622085,40733.82923439494,43768.38707986608,22.885918,24.763945,33.408966,2109.834795982715,455.2424052199967,174.5334944530896
2029-08-16 12:00:00,21.72719,23.101843,31.516144,41866.04676658753,83081.76913453499,86368.22900286497,21.583946,22.938684,31.636255,28069.514180652914,25852.782355467207,15183.227126707334
2029-09-16 00:00:00,20.468506,21.773878,31.11433,20284.40446505556,38546.6480870673,38318.49272098043,19.577868,21.13612,30.023771,16202.255123178475,23827.149968768936,16923.53636244661
2029-10-16 12:00:00,15.1794615,16.486485,25.702785,10514.362144153347,12692.679620907802,5871.423952765099,14.7366085,15.777907,24.531395,1040.0933446132512,1221.598488591053,158.69444725885842
2029-11-16 00:00:00,11.422583,13.305522,21.777367,580.7611642308075,485.65702983523806,42.61448732449935,10.469164,11.847503,19.680948,3796.3611268478417,4003.270952460298,802.8901211168886
2029-12-16 12:00:00,3.9715083,4.915856,12.4847145,14314.952542421815,12938.883957648795,12619.853509807035,4.3851066,5.264014,12.821886,6913.859556055104,7704.522212891607,10115.958487132957
2030-01-16 12:00:00,2.487752,3.685354,11.306395,3684.3142115233604,4481.478605095344,908.4894389574856,1.7566149,3.385786,10.744733,16429.368053250073,18454.963911719096,17738.267673132214
2030-02-15 00:00:00,6.031256,7.1255064,15.451496,17615.204173210077,31383.65831959527,19472.17406454147,5.364291,6.341137,14.857698,2247.8439021055237,3496.386338672346,455.5865290849397
2030-03-16 12:00:00,8.319583,9.074725,18.413565,8296.88097734961,8314.712371515634,5206.751288498435,7.432966,8.362479,17.205828,8880.010094635509,6067.793596395586,964.4438347941559
2030-04-16 00:00:00,10.920866,12.179129,20.992775,7366.804510493239,8140.449603321031,7216.318665109611,11.421199,12.776551,21.544724,0.0,58.40259809383497,0.0
2030-05-16 12:00:00,14.885097,15.63023,25.135357,3673.9780805513874,4893.658646403492,1745.0755551124075,16.77915,17.862999,26.704721,2331.3616817814363,611.9417438168966,85.53791660292518
2030-06-16 00:00:00,21.205734,22.046873,31.046553,4702.1873695453,1338.436200259821,71.93737214493012,21.524931,22.54424,31.031479,3722.628907760736,1194.822484568249,1294.7891596136287
2030-07-16 12:00:00,24.13027,26.042004,35.029182,30186.906350206118,18248.156390394433,10856.286388080389,24.010426,25.789093,34.4785,36587.83877486712,29800.516915437765,20225.251184981607
2030-08-16 12:00:00,22.476364,24.43595,33.592777,26565.424270744552,36761.53162133123,28303.997630736558,22.49782,24.499086,33.58813,33346.291283669416,40504.37734483858,23859.583341682355
2030-09-16 00:00:00,19.592121,21.53524,30.823227,12934.829581228769,18892.495796477306,5719.765652411752,19.131594,21.03708,29.98492,19520.95882385038,20370.063710543036,12267.048645106115
2030-10-16 12:00:00,12.3259735,13.51571,22.816095,18625.49648666609,12907.030323264917,2465.3240049531632,13.590879,14.881963,24.02246,15658.872417005477,13346.172942790145,17895.5341148343
2030-11-16 00:00:00,7.711151,8.688268,16.989758,8615.09166322503,3448.4766981236135,11516.701130429283,8.187999,9.494628,17.529423,7344.626955640706,7041.014405489477,998.5301234360122
2030-12-16 12:00:00,1.9609449,2.7752047,11.071709,18732.078913619625,14141.488453745842,11008.704765195944,2.127815,3.0924087,11.32592,15879.879416504991,19134.665400980157,21292.584428899863
2031-01-16 12:00:00,5.3060107,6.318241,14.470464,7635.830006020842,13598.319478206395,5112.121550217398,4.74765,5.402567,13.112684,9170.88259101074,11178.430422212114,2966.869448783609
2031-02-15 00:00:00,4.750572,6.1106873,14.363115,4960.860387724824,9214.026051893597,6265.815880988521,3.9180284,5.286485,13.692145,1831.0686816854286,1722.7024488582174,662.7277423927808
2031-03-16 12:00:00,7.5834823,9.789881,18.307714,16945.938064876827,5828.811454391325,6100.521868107353,7.696268,9.299431,17.682554,9842.067240187316,18492.986280638434,13061.096815121346
2031-04-16 00:00:00,9.146406,10.998513,19.279543,8312.972192274174,2570.937812462489,2448.832411395415,9.87865,11.566133,20.072256,6568.249894531618,8958.022709857687,4222.9111493361415
2031-05-16 12:00:00,16.489359,17.466408,26.617027,408.566515181019,1984.1045909635795,306.13828486825696,16.396933,17.39103,26.210701,925.9512206870568,659.4329278262194,65.63830330228484
2031-06-16 00:00:00,20.732214,22.415977,30.6406,247.9759918419404,4.546054343336436,28.76177966436444,20.326698,21.74415,30.20308,6077.939239733496,2575.356321001891,929.4546956452905
2031-07-16 12:00:00,25.201252,27.152039,35.655373,6620.097070227439,1653.7666304825962,682.185813463775,24.231016,25.64879,34.45037,7220.368109478659,5197.081100037121,2892.9477196571497
2031-08-16 12:00:00,21.409876,23.467478,32.421806,34811.40385787585,42620.97540824907,44305.1534608996,21.5971,23.345827,32.003426,38976.69032032136,43772.162291634595,47419.46288990148
2031-09-16 00:00:00,19.347143,20.825363,30.452312,5102.07690754396,9215.645913023309,3458.432639652983,19.635645,20.819065,30.086084,2605.7129811297273,2162.1948528668327,44.034088588432496
2031-10-16 12:00:00,13.33613,14.228577,23.160912,15093.968197109643,16958.465624038945,10090.790587010997,12.997933,13.479177,22.567587,9086.967222323437,10852.238108844176,1510.2032985849291
2031-11-16 00:00:00,8.520694,10.237975,18.596401,2285.679885564605,1262.2989974456686,249.49983450960644,8.2962055,9.724217,17.699142,20284.249892021762,26551.235975377494,25602.81977034174
2031-12-16 12:00:00,2.0453956,3.0537136,10.700782,9813.822122734564,13649.610420015233,14483.215072529856,3.1846585,4.1847982,11.822116,8166.731306056317,11851.760457453202,5501.200857619324
2032-01-16 12:00:00,3.6016831,4.820372,12.657989,2646.1327880913814,2597.8393949972087,420.555140652732,3.6903236,5.056432,12.456595,959.1737946305329,950.7445877095961,129.043864051755
2032-02-15 12:00:00,0.42583606,2.5872304,11.118387,8704.89456421783,7967.451617883853,5783.238750337841,2.8240705,4.3346972,12.869927,7366.912398729619,8794.328169250366,8316.715862900128
2032-03-16 12:00:00,12.175565,13.895517,21.577164,648.7828798413375,71.59682003157286,0.0,11.346343,12.695389,20.532032,675.233239344152,1449.4651745387728,12.452739842046867
2032-04-16 00:00:00,13.391958,14.352842,22.487572,288.38878100441434,34.35529949638294,0.0,12.526124,13.467875,21.648302,4620.053794473279,8214.87362714106,5114.388732106818
2032-05-16 12:00:00,16.691555,17.413961,25.992237,148.80554429419135,219.39660215280128,6.6300002812113235,16.218912,17.132019,25.6173,7032.762352034479,2231.1447347712146,365.91697452504377
2032-06-16 00:00:00,21.523096,23.426174,31.63001,10679.860087486304,5427.250511381317,1523.79433541455,21.43171,23.092402,31.6709,4706.730900465118,3889.068049308662,3367.2188457508128
2032-07-16 12:00:00,22.965508,24.769,33.833187,17929.568133159773,17779.8387347073,9683.52966162679,23.737694,25.108387,34.19734,37353.853073873324,33135.64733169624,28690.2858488771
2032-08-16 12:00:00,21.505661,22.828686,32.044914,14595.014524460203,3503.019014043275,1767.289740572096,21.69648,23.339249,32.37708,22130.399875708827,21006.791891313333,16716.15396230527
2032-09-16 00:00:00,20.871191,21.922098,30.932138,10493.500218392,8184.5086031426035,2677.7963215031377,20.262794,21.505342,30.54559,15733.182954820222,17846.060306605068,5401.707005742082
2032-10-16 12:00:00,13.4202585,14.389613,23.375895,21749.767471748055,13705.644974254392,8525.40156942614,13.5354805,14.901724,23.64621,16996.84834539512,5123.334610556049,1466.3023093936772
2032-11-16 00:00:00,8.20753,8.94859,17.367006,15732.685962051619,19358.616224330035,13612.80213029022,6.8380785,7.6921725,16.367018,1365.199262963415,3627.4069828932625,1433.6755173267193
2032-12-16 12:00:00,3.107258,3.9114976,12.046206,9336.221578560071,5152.773848359766,4630.79303003542,2.322086,3.3661575,11.409596,13765.791392946267,14560.846145114192,21009.52460506669
2033-01-16 12:00:00,1.647924,2.769819,10.840222,13065.316841515596,10515.0566551245,15338.822087951121,2.957212,4.057841,11.876466,22948.414821072947,19101.918057669536,21375.06931569369
2033-02-15 00:00:00,5.5061593,5.18587,14.661613,14510.230041795876,14497.962536496925,12954.188435483957,4.113392,4.388079,13.338436,14995.87040139595,21128.28945759684,16700.70435781745
2033-03-16 12:00:00,8.80186,9.775009,18.426027,4930.7506469450345,8610.291599118864,1525.5788664791908,8.471073,9.6961775,18.216038,25309.880229301052,24309.490217985876,24821.517175334156
2033-04-16 00:00:00,11.104804,12.002986,20.92806,4297.441956474358,7426.258701532788,1585.9538017789419,10.939584,11.999746,20.853884,5938.366300571943,10073.55897767411,2030.556203213564
2033-05-16 12:00:00,16.971737,18.594929,27.316847,953.4939994553952,669.1920370243679,173.02205781656994,15.9041,17.661982,26.787275,8900.558875758725,2710.99932941288,1392.1759133985233
2033-06-16 00:00:00,18.621645,19.950747,29.3902,15173.59387183933,13275.282853309363,2193.899611795132,19.401691,20.836031,30.150509,630.8382836041346,139.6554852817644,20.52503066170175
2033-07-16 12:00:00,24.628319,26.490646,35.602036,31570.556309603853,36751.56534308335,33461.718438697426,24.180996,25.98764,35.027218,5647.430309453193,10094.753270180809,3557.783046283248
2033-08-16 12:00:00,23.76875,26.068602,34.92489,23573.327839589183,13210.99574603577,9414.111781586644,23.659904,25.669533,34.239323,54400.37351986393,54058.503582008416,61463.5923871072
2033-09-16 00:00:00,19.284613,20.884478,30.228283,17499.7354215011,8928.9502827869,6425.472993256335,19.342663,20.983055,30.530003,10500.028840404411,19956.784294947283,10997.765304024142
2033-10-16 12:00:00,15.338741,16.228474,25.098974,11254.882257929421,10864.673455104275,9104.223484283102,14.403823,15.308854,24.106335,10775.609562105092,11182.59285722088,4935.2297951413675
2033-11-16 00:00:00,9.412465,9.650728,18.708563,2620.412617159218,4002.202244973887,1542.5299136622925,8.603822,9.325247,17.814814,3521.294642234352,3687.906890038903,858.1586644777417
2033-12-16 12:00:00,6.0155206,6.4811296,14.351567,52503.94990987843,76432.05758800032,85195.99823118187,3.4259768,4.5179195,12.449016,27177.495887421537,37055.56025534752,32272.25157734065
2034-01-16 12:00:00,4.3463974,5.4495955,13.458248,24321.053481739364,33885.22539062833,27289.470773001085,2.8751302,3.717915,11.544892,2179.9902750836736,4535.589461204381,1873.4105002601154
2034-02-15 00:00:00,4.902264,6.044615,14.377129,27941.40437847236,47425.48149952199,30900.272251557908,3.5524719,4.81941,12.963432,5135.388735827291,10863.883825123776,5297.336716479185
2034-03-16 12:00:00,5.7064457,6.852948,15.55403,37961.60120915738,49018.242022697814,26906.078621119923,5.3007493,6.4116473,15.575441,7202.772765695408,10003.78686273034,5896.407803367447
2034-04-16 00:00:00,10.023695,10.459483,20.161386,5407.869972168555,6827.631505964746,2524.401577788467,9.898496,10.502775,19.919308,1820.5732525675558,5022.364001670212,583.7028373421163
2034-05-16 12:00:00,16.25905,16.938522,26.820784,3504.9094939397037,11963.520893035457,4102.862226353773,15.812919,16.508606,25.699337,1038.9667080914478,270.71791467456023,0.5100000216316403
2034-06-16 00:00:00,20.784206,22.567833,31.970348,10276.294989402231,1353.422650977791,129.73025863493604,21.00971,22.382963,31.145624,118.7622233055663,150.40836106527422,0.0
2034-07-16 12:00:00,25.457865,27.18893,36.618256,17127.736312002526,8932.690978125356,7734.955275905304,24.554966,26.388067,35.118114,27315.50364192808,20225.745458438178,9129.067452844447
2034-08-16 12:00:00,22.942533,23.78681,33.379547,24571.578309999313,35020.11463449744,30818.882375507383,22.730955,24.25954,33.35968,10979.21750111418,11368.630324824335,4546.627672379327
2034-09-16 00:00:00,21.348684,22.67068,31.832724,9726.72174127365,7530.594378765272,7356.95945546513,20.971857,22.605139,31.424217,12499.666880263248,16444.988827512134,7791.126681562673
2034-10-16 12:00:00,13.296445,14.592643,23.691145,49097.72571668727,32731.122848158702,24078.741972787975,12.789234,14.33633,23.369427,28315.263719469658,14528.60883977337,21114.847420556544
2034-11-16 00:00:00,8.992861,10.647991,19.418259,16270.115881663514,16455.998760320654,13216.666821883337,8.76676,10.450762,19.085852,8515.000521227194,12418.713117018342,1563.8417497070805
2034-12-16 12:00:00,1.9556688,2.7495916,10.991871,16636.39722292428,18615.87376469979,15568.586811075511,0.75448346,1.8959146,10.269703,2984.170522122713,3273.090576516006,1853.3376138436324
2035-01-16 12:00:00,-0.69681185,-0.23686197,8.660834,19216.315560269868,17486.745348738623,22114.092752271972,0.30305526,1.5069757,9.690326,520.2350714016575,542.5762753875006,0.0
2035-02-15 00:00:00,1.8986284,3.2241263,11.421124,19710.785150388256,19627.50391268637,21569.441117177485,1.0379905,2.6678257,10.745587,4027.8190657998493,3576.59197946341,593.6864860570495
2035-03-16 12:00:00,5.076307,6.7195516,15.263059,19770.565541629912,19347.62700557476,19973.666167857573,5.399318,7.125202,15.270294,5393.568245311326,4107.427069578625,4038.300047481016
2035-04-16 00:00:00,9.534757,10.34219,19.500343,4197.226174070238,6470.635065565148,3007.2548748748886,9.63081,10.436403,19.48828,5649.199108775065,16638.500760222087,5138.8127545524185
2035-05-16 12:00:00,16.061153,17.119862,25.882057,90.4822288151081,34.993519818772256,0.0,15.651328,16.924131,25.312336,1438.7111478552924,167.7571291986169,28.91385887855904
2035-06-16 00:00:00,22.288269,23.16885,31.822247,1429.7572664954714,205.9865871360671,28.24457376027567,22.008944,23.15508,31.296312,1057.9972010746133,15.83320769623242,0.0
2035-07-16 12:00:00,25.592882,27.525824,36.58044,22191.5415707379,13561.072259007597,5081.54666946366,24.46279,26.411188,35.025303,12405.853979703897,7977.417507512655,1974.5038792762443
2035-08-16 12:00:00,22.904367,25.312227,34.805412,30849.007326207357,32745.35116237239,32320.97244651677,22.575354,24.621195,33.563416,19422.920885847998,11733.932489651852,10323.198087458013
2035-09-16 00:00:00,19.356472,20.861761,29.905605,27148.116585274693,20908.65635263617,22662.9450224209,19.10502,20.765982,29.59091,9724.174974384368,14169.396022894944,3907.2458195701074
2035-10-16 12:00:00,12.630543,14.187108,23.121094,2008.5424670252905,949.0912787516208,116.28551057528966,12.795164,14.135498,22.728354,2755.877220720913,1475.417137785098,146.06085547743533
2035-11-16 00:00:00,7.6617446,8.639422,16.67946,12505.260116653517,17439.9519456274,13943.692460139573,8.807161,9.539185,17.548807,1219.4514536690804,856.5509078393916,19.613119836321857
2035-12-16 12:00:00,4.554805,5.550732,13.134716,11313.815608107689,9524.388083990561,8392.936160580666,3.9450266,5.051865,12.62766,10972.05023332208,5124.743582995006,7352.335308078364
2036-01-16 12:00:00,6.086027,7.698926,15.550071,2830.493197921851,4133.000142309265,917.2282599422942,5.2659016,6.786988,14.502415,4084.3334261178825,7916.619523755071,3385.1215810769645
2036-02-15 12:00:00,3.8708844,5.2768908,13.477055,6312.727762373106,8248.273219313705,3326.2401365949245,4.7625628,5.95067,14.553256,11024.274496840371,27015.01545389474,6807.4961378698845
2036-03-16 12:00:00,8.527637,9.552987,18.042547,763.5043288466022,426.0595544763419,0.0,8.845997,9.820497,18.084547,1968.2850418568705,4451.4498743496915,603.0707137047557
2036-04-16 00:00:00,12.195429,13.278632,21.650438,376.3489398747879,47.51896291418234,1.0200000015174737,11.574804,12.889188,20.961723,13563.193080655765,14138.520494336262,14887.973726459677
2036-05-16 12:00:00,16.457764,17.920061,26.423845,3725.4461269086732,324.2788174709858,0.5100000216316403,17.062805,18.446901,27.025354,8685.160875914016,1044.2435294058669,1274.7227111433858
2036-06-16 00:00:00,21.064022,23.58467,31.71748,13802.998907369329,11477.049543369503,6074.550736670972,20.828632,23.21493,31.600107,8953.738551639617,5655.09671475138,5209.143510198373
2036-07-16 12:00:00,24.944818,26.87441,35.642944,36654.62108714855,38072.3920839373,27072.520492607873,24.935057,26.550194,35.10562,31091.222137902514,19918.414720121655,7143.629298271708
2036-08-16 12:00:00,21.378254,23.247892,32.25731,61735.030698997434,58244.99160589767,48754.69651952371,21.474577,23.330854,32.80366,38832.630819728365,56128.060873865616,57800.38708435313
2036-09-16 00:00:00,18.115154,19.810312,29.058353,14182.134161383146,12371.855520839745,6885.250140386233,19.60523,20.984188,30.411636,28765.257896797266,58003.78387523233,55013.52560799569
2036-10-16 12:00:00,12.439624,13.684257,22.577263,3182.042411397151,4867.00776011221,2340.988099526112,12.612437,13.704252,23.187914,2746.9216428176424,3737.2283737715406,465.6323704425631
2036-11-16 00:00:00,9.422256,10.257359,18.634243,11488.84446786542,16958.706240307947,13241.354141271586,8.964861,9.792135,17.639849,12446.000231029757,22358.80581193487,24524.32588830561
2036-12-16 12:00:00,3.213035,3.6241226,12.288538,16162.298679555533,19431.566121516516,13381.099141762752,2.069415,2.526546,10.949108,13299.392398369673,12643.134293222101,13625.742012786213
2037-01-16 12:00:00,0.82304233,1.9092908,10.908862,70944.81962450081,63750.90521320235,75552.00306582847,1.752933,2.6709359,10.845539,15708.0179477809,11865.677243637583,15004.61570316802
2037-02-15 00:00:00,1.5705956,1.746955,10.217755,9923.022489307914,11646.70404974604,9782.332786424377,2.1562154,2.4457088,10.977624,16276.917720178608,23598.25459336862,22189.25926076481
2037-03-16 12:00:00,7.5593743,9.425219,18.154552,3026.7331052980353,4089.3567781180536,147.9233204922366,7.03966,8.886359,17.049831,34667.21891351044,41890.001172811026,55147.19837105367
2037-04-16 00:00:00,13.042945,14.250678,22.916487,635.2563412519885,140.4363519063736,0.0,12.982541,14.058981,22.85471,389.17110685224543,276.0372565844591,0.0
2037-05-16 12:00:00,17.90564,20.017784,28.853418,5977.6092329758285,2198.8744386573217,434.37505437987056,16.591852,18.288631,27.273438,1375.3737559431556,927.5681891565,215.79402199722608
2037-06-16 00:00:00,20.693228,22.027843,31.560116,8404.70935328267,2665.293661890246,197.14186545115808,20.827059,21.708338,31.289059,13684.627331182128,17519.015478384972,4205.4684489162355
2037-07-16 12:00:00,23.923294,25.110474,33.99099,3277.0108227882247,2424.4912591316734,78.0182864993094,24.271942,25.672865,34.711758,14553.352820588043,6204.375479349255,8613.40669838737
2037-08-16 12:00:00,22.676407,24.272861,33.503098,17618.29772082274,12588.189575299111,8043.608215837912,23.624958,25.279028,34.32027,39054.07073617098,59272.957709332695,59906.32901889912
2037-09-16 00:00:00,19.31348,20.90678,30.445272,22317.5379637687,16862.671343871625,9985.661546838855,20.003721,21.709307,31.172628,13910.257973344414,16860.635133110918,13318.059606339375
2037-10-16 12:00:00,10.45051,11.804486,21.33437,5410.953735811563,8552.377505169352,1609.5499392301917,13.411043,14.527789,23.982943,2084.35747987337,519.3163299689786,17.318895084463293
2037-11-16 00:00:00,9.201228,9.986347,17.857792,18681.471050687833,26111.10100625956,31445.11468235578,7.640661,8.03958,16.665386,5155.869600137521,1715.1218973699542,2260.4198349727085
2037-12-16 12:00:00,2.0204947,2.9912024,10.6863365,7922.173298551206,2737.679025632224,1934.0113074775672,2.9924939,4.3309445,12.328573,19068.585202092072,20317.346532183,27138.220742123667
2038-01-16 12:00:00,3.4073114,4.997073,11.940156,8852.949483097473,5369.2279218430485,4296.127991002686,3.589215,5.0036545,12.060942,8844.017375430849,10052.09820191958,4198.6314844638855
2038-02-15 00:00:00,4.9050803,6.2697654,14.4832115,25690.905185742304,39230.92102651717,26827.720122307073,3.7486372,5.1267815,13.591351,23360.170989856124,13258.399644697784,15213.558391507831
2038-03-16 12:00:00,8.519899,9.651195,18.074104,12106.874989211792,18730.090745780035,8256.686027271098,8.376267,9.709371,17.96926,10162.02997223736,8299.444606102043,12915.647898107818
2038-04-16 00:00:00,10.328275,11.545452,20.399326,11130.572286463575,10322.529136610683,7122.676821657478,11.331097,12.393919,21.418299,277.36402185337283,50.5125134905029,0.0
2038-05-16 12:00:00,17.479048,18.819246,27.664034,1034.488860904412,3524.4398834205185,903.3204913383997,16.831896,17.921371,26.714018,1193.094251696084,1342.932166717037,330.66982294189984
2038-06-16 00:00:00,20.833195,21.316782,30.064232,2257.4699476863316,4344.107558383257,1573.2710337010758,20.812897,21.39512,30.310484,1868.8249418364649,395.5731748674225,24.07933311405941
2038-07-16 12:00:00,25.131712,27.191137,35.662014,17142.759739641042,7938.472343139392,3919.472105534578,24.934483,26.705051,35.38917,23795.646306397975,27170.837453001877,27639.148809826293
2038-08-16 12:00:00,23.38076,25.517141,34.394093,26772.358888661256,20537.963052131818,15661.767871678967,23.085743,25.276245,34.374268,40728.08277152362,42704.14709945326,34148.7628293794
2038-09-16 00:00:00,21.971363,23.78953,32.613297,6280.357403677044,3536.6855853253583,799.5922493182661,21.619766,23.245663,32.30053,30208.505561342463,32153.69189309422,24805.633515527006
2038-10-16 12:00:00,13.559124,14.566504,23.228228,14580.353374604601,7078.729891630655,4904.59751476028,13.953726,15.244401,24.173185,45256.48150200723,42332.58989507449,33860.38547380449
2038-11-16 00:00:00,6.140714,7.3593116,15.738807,16877.898820966948,16317.631628186064,20345.298820422613,5.5405893,6.7649746,14.875696,9651.694467363995,8003.259334298491,1734.1452611908608
2038-12-16 12:00:00,2.1531262,2.9022217,10.878269,7906.510335073108,4704.315956402206,8059.347812269152,2.4308274,3.144402,11.376733,3846.4966081090097,2406.831174634999,2211.345262684654
2039-01-16 12:00:00,2.4501405,4.114458,11.875718,3338.2800325242897,6223.552306907368,4483.136214566366,3.5018423,4.938939,12.938115,718.9922417223897,393.19758402898515,5.293188773384827
2039-02-15 00:00:00,2.258693,3.6205697,12.799029,1614.7976713849857,5503.62363193708,290.7705713014366,4.69641,5.5233035,14.79704,9821.022194833495,4735.476599224785,6914.157416831404
2039-03-16 12:00:00,8.233444,9.21838,18.264395,11313.612996415759,22649.08879418217,12090.582864625867,7.2869363,8.009045,17.008327,3223.5503902168603,5173.3206009498645,865.9584064660976
2039-04-16 00:00:00,12.563026,13.77819,22.46341,372.63603933160994,1287.0175647121869,59.39452410166268,12.502524,13.473698,21.934883,442.5574917195263,683.0796906592695,18.249224913688522
2039-05-16 12:00:00,15.496243,16.826015,26.28316,8055.814450368052,7504.437270262952,1987.0805717599524,15.688121,16.491066,25.425999,2165.144616562293,2213.5083611413847,377.2775263303629
2039-06-16 00:00:00,20.022905,20.956324,28.966728,6042.8111349610845,5064.718981220722,864.6516856906601,22.022453,22.797407,30.89709,12656.649502067012,18234.11631077397,13924.400453064209
2039-07-16 12:00:00,24.426313,25.793846,34.4717,22229.75773123617,21693.86009144364,18730.841277531727,23.771362,25.298391,34.038265,24898.173773114104,17037.101198665914,17408.13434077245
2039-08-16 12:00:00,23.47421,25.212305,33.643204,35884.04545906233,52428.07084863307,72754.23551822605,23.159569,24.68927,33.39508,20291.998110845452,29455.18617303169,31966.169979077677
2039-09-16 00:00:00,18.576511,19.884493,29.6505,1718.4635508447172,1926.5698337003414,33.06874858935771,20.158295,21.430052,30.732117,31551.050232199486,45868.867977464106,41031.29747571802
2039-10-16 12:00:00,13.781976,14.884404,23.385542,28040.876882110024,30967.156276269816,39701.74739328213,13.816035,14.738621,23.7389,15270.173784939107,8977.859493427968,9555.486811735864
2039-11-16 00:00:00,9.0311775,9.851159,18.67812,11992.197145111277,8685.72599017898,1405.9441878794132,7.667903,8.674388,17.308334,6851.395384433999,5687.932996535892,2003.7582473019029
2039-12-16 12:00:00,3.8413281,5.238676,12.951307,465.27748021985644,393.09764336544504,5.104601726452529,4.942132,5.821084,13.7513075,7779.001244562096,5402.421960288029,2296.522715175797
2040-01-16 12:00:00,1.2800736,2.4274132,10.333258,8220.248575198639,5995.482678962617,8653.014215877192,4.143533,5.019412,13.251864,30668.995873321546,17677.26880510454,29168.29675881163
2040-02-15 12:00:00,5.96577,7.6413765,15.533123,1372.6858620952044,528.1909894419186,0.0,7.285219,8.363856,16.262688,52373.072189243976,63485.87129947264,64295.282369322376
2040-03-16 12:00:00,9.139556,10.953076,18.962988,7872.765940197132,9340.199810048944,3284.7359224194406,9.646565,11.492886,19.492167,19152.792203921126,27084.784072602633,18880.13319643069
2040-04-16 00:00:00,14.097802,15.616019,24.063375,2652.527682607797,1443.1552400656074,166.74148516085552,13.237558,14.7764845,23.883438,5797.633641606808,10279.247516104078,10624.751061495772
2040-05-16 12:00:00,15.95581,16.89155,25.280783,22.019768440168264,28.406742042125188,0.0,16.975582,17.727154,27.03168,895.6063437306511,1287.1323696160744,245.9339301743512
2040-06-16 00:00:00,23.187124,23.809883,32.472332,592.834535824295,352.4717025334212,3.19041031980305,22.560999,23.223549,32.559296,2513.0874540782315,2364.580575198488,378.7014991808064
2040-07-16 12:00:00,23.97212,25.426582,34.358715,19321.354118493036,12193.05371472583,13936.250347080568,24.826136,26.455807,35.41627,53788.37915575714,36664.12243466475,31975.950142162037
2040-08-16 12:00:00,22.63789,24.364132,33.60858,19584.557861319627,13981.546780360804,7140.712887836753,22.860907,24.634562,34.267365,24742.043101071613,29345.6862587831,13832.043059881153
2040-09-16 00:00:00,20.155483,22.227037,31.07048,3437.3768201312487,4331.224624441347,571.2065243565121,21.276087,23.10786,32.311222,15507.83197695273,27172.113823049585,20302.356859712745
2040-10-16 12:00:00,13.442653,14.697115,23.66744,19614.00083208864,12476.506330473785,8180.305765982121,14.783235,16.278652,25.308554,2167.6287224012867,581.9350281841253,27.540001168108574
2040-11-16 00:00:00,8.219011,8.751293,17.646307,7484.568359868717,9279.175911746279,9433.08397977853,8.776004,9.9191675,18.570179,10503.888331790222,15427.282046926848,14031.465841762838
2040-12-16 12:00:00,1.1866326,1.2617899,10.829046,41321.32639023475,42504.89791741711,51089.83563949296,2.804958,3.3121424,11.893814,31348.797726613702,40600.679142354056,46979.106241473346
2041-01-16 12:00:00,2.7886367,4.212552,11.780484,6001.247684937016,8938.788527686484,5018.35605618644,3.9520438,5.4343014,12.836127,17196.29541147442,21824.17443220038,23741.589074359217
2041-02-15 00:00:00,6.058241,6.5708575,15.208136,30922.879444726277,48779.215973080136,32956.74388976768,4.8549256,5.5458317,14.478684,17820.973828830756,18329.19070076896,15317.59911301051
2041-03-16 12:00:00,7.418586,8.32046,16.92631,2319.3066433268086,5213.77398397799,1555.710948199112,7.899816,9.015867,17.692198,19155.388653231785,22247.222461161437,19989.166275391108
2041-04-16 00:00:00,12.172488,13.573259,22.513756,5342.6162812857,2725.125101780577,824.4570618826401,11.978144,13.08742,21.966272,10550.47067792475,18404.659752734005,5130.602249051208
2041-05-16 12:00:00,19.535162,20.798632,29.48951,289.32219975076805,242.54350474197963,200.67062929720123,16.898031,17.73486,27.010338,3269.1985232191655,8185.09939143114,2499.4272730868033
2041-06-16 00:00:00,22.937994,24.912504,33.82742,3114.6426824871014,30.319386745759402,76.91320757476205,22.150126,23.80243,32.975136,1101.4773625265661,253.2150731249203,187.04244294531236
2041-07-16 12:00:00,23.780445,26.206953,35.738277,38824.70443758066,22789.960563553905,7856.813505518949,23.58148,25.65974,35.079117,13813.669229032166,3615.132614481763,2330.1371079699948
2041-08-16 12:00:00,22.950283,24.65535,34.03263,37129.08729945193,62957.6161699486,63751.216720373486,22.725103,24.248018,33.61093,39134.404532419285,37167.04905361694,23993.68622874408
2041-09-16 00:00:00,20.24251,21.370516,30.600525,24534.110834123567,32260.3392523597,38942.79612740502,19.634579,20.97013,30.265114,14719.849136687117,19034.85740796168,15513.292072115291
2041-10-16 12:00:00,14.970646,16.327747,25.74904,5459.243827681712,1415.7393440807937,467.59685006240943,16.38202,17.763292,27.13152,3999.9602185907406,1041.3254745250015,113.30706402354735
2041-11-16 00:00:00,10.399497,11.222839,20.051054,11219.024081845419,17620.248130886466,12020.635917688196,9.893988,10.565757,19.240618,45771.32124023046,38800.43166168616,53388.759300112724
2041-12-16 12:00:00,2.322928,3.3895652,11.900055,25740.839683427475,24935.83635840041,19081.848773892852,2.2048175,3.084923,11.264017,19916.201634833124,29409.37319677323,25825.706502544926
2042-01-16 12:00:00,2.645031,3.2243395,11.547245,21774.93691354757,29827.547351751127,25554.296178968798,2.5741932,3.191123,11.386997,23972.984339977847,24199.540438389522,15794.851190781264
2042-02-15 00:00:00,4.587855,4.3107066,13.208511,42410.27294928208,42773.50662583485,51564.09357074881,3.7284234,3.888823,12.374359,227.0097678190723,344.60706876707263,60.405481691304885
2042-03-16 12:00:00,8.698474,10.046963,17.956161,30796.448728989344,38037.21853782772,55353.588221082464,7.190598,8.308784,16.59614,5652.677514831157,3812.279043143735,2385.121554806392
2042-04-16 00:00:00,10.261875,10.768522,20.318022,7788.236937558395,13004.259275956429,5828.074908673443,9.912143,10.564339,19.80374,9667.890124605037,8531.659934109484,6494.925049788435
2042-05-16 12:00:00,15.39815,16.254396,25.749607,9786.986457268358,12525.526483857539,9124.928301719046,15.956211,17.06617,26.479008,7030.607916264853,2705.4376377233893,1899.960083179485
2042-06-16 00:00:00,21.415102,22.459017,32.418915,4943.421978641254,2515.8240003029277,516.8990956512971,21.81536,22.898321,32.494083,5261.415405087973,7674.708167550307,7509.4235240317175
2042-07-16 12:00:00,25.562456,27.058355,36.451836,33532.16077754041,28979.961264145095,23114.57001833478,25.071053,26.519636,35.659584,22056.853451472125,27187.67125770537,30209.064534297067
2042-08-16 12:00:00,24.902967,26.942621,36.532368,23094.892816381616,7897.750473866472,8752.996691178805,23.904902,26.055023,35.589493,34680.32354423194,50411.36822916451,39577.8416694091
2042-09-16 00:00:00,20.760565,22.903809,32.190685,32274.379888898693,26306.935767206596,15423.262702497595,20.575336,22.671204,31.992691,15287.78800873988,11701.917299427805,5922.6177659325
2042-10-16 12:00:00,15.855229,17.265017,26.355,1245.2637193970077,2578.164573501681,406.16157024442145,16.672714,18.238255,27.325308,10175.185470096767,5523.607709344469,2460.5115743417628
2042-11-16 00:00:00,8.049668,8.531509,17.17116,9849.44060005364,11648.569855184178,8282.000351498027,8.64783,9.2874155,18.413979,2792.6340519970836,2564.32981434682,1220.9347187126696
2042-12-16 12:00:00,1.7435845,2.2902305,10.847857,31525.19137779018,25690.169251762563,36389.60099420801,1.551883,2.3872883,10.569849,7571.280645749357,8218.95756716549,5529.42411951658
2043-01-16 12:00:00,1.9229265,3.0033615,11.029342,19012.78579219943,19206.648699371726,24486.23962244892,1.3644902,2.6790752,10.491286,17979.189945165126,15343.531665329647,12867.900049982563
2043-02-15 00:00:00,4.531117,5.564011,13.661371,20303.057569661178,40102.377537684515,21693.148435960757,3.5548468,4.648609,12.932475,9105.39273211034,8915.405194464256,9363.808823862928
2043-03-16 12:00:00,5.9793057,7.144257,15.824744,15118.605913314968,25519.979281842825,13940.497886009507,6.348982,7.595426,16.7837,8507.998082893027,6363.698089949412,1207.0227420160336
2043-04-16 00:00:00,10.629204,11.140932,20.575085,4944.198656663502,11440.728487265005,10592.951656781224,10.6692295,11.569588,20.964827,2945.1291585219224,828.4106437740775,702.9200888246123
2043-05-16 12:00:00,15.455225,16.31298,25.249567,15.300000648949208,110.36183509650073,0.0,16.716614,17.655472,26.591198,6209.818615714903,1849.0233836198513,647.7264653163274
2043-06-16 00:00:00,20.939615,21.630966,30.416267,1859.5967590827058,1957.6903557526748,182.6355003026947,21.39981,22.667507,31.328608,14785.5563879275,6798.160151814045,2925.586717086844
2043-07-16 12:00:00,24.863722,26.79197,35.9367,22565.421096314094,17279.556893292465,19265.84805789753,24.647259,25.965422,35.470028,39785.07124620373,37740.492962580174,37796.18438988109
2043-08-16 12:00:00,23.079926,24.628056,33.850037,29964.569146366557,32381.918203478563,24506.726505659753,22.462095,23.872227,33.431896,29559.293588460423,40090.193491074024,31603.485208512575
2043-09-16 00:00:00,20.88872,22.241205,31.370018,22171.620204200735,40509.129198559094,37523.12162728049,20.787392,22.687426,31.853462,12801.543334629969,6145.978398850275,8573.481052762872
2043-10-16 12:00:00,14.753619,15.989397,25.557268,1116.7646547868571,1687.2682724998867,584.3870807638723,16.601128,17.681532,27.002893,4261.706494914006,2541.6286484880857,365.0053529981051
2043-11-16 00:00:00,11.947779,12.96824,21.37033,2533.4911514855776,1957.4506290819045,182.72495949167933,11.327427,12.001295,20.306992,17232.422799017513,12491.93733157881,9794.048821781871
2043-12-16 12:00:00,3.9849105,5.118788,13.1677,1872.1192066451295,3170.470804642264,174.63481579043219,4.6344914,5.3208637,13.620287,6595.584304125805,5274.220839024929,2630.5585939380762
2044-01-16 12:00:00,4.4625316,5.6657815,13.446543,371.1351435420056,43.45974017064691,14.034471060267606,6.478477,7.4944797,14.984417,25113.1625067821,33941.90540381824,35817.8936761542
2044-02-15 12:00:00,7.6291223,8.930583,16.972626,2185.281495606114,2263.1265144091685,101.88253864662329,7.8253365,8.919348,17.190605,14365.430520259542,18385.2271052805,14195.390134012996
2044-03-16 12:00:00,11.254367,12.016441,19.978418,4613.034624999273,11271.675039333059,5563.090322215112,9.280276,10.093275,18.048407,60993.833755888045,56783.564997289795,51263.80350442487
2044-04-16 00:00:00,14.607555,16.773642,25.5643,6639.6524049851,2716.378807609999,2364.6019198909016,12.815579,14.291389,23.201683,9085.899575671647,10848.97087700665,9836.737879113116
2044-05-16 12:00:00,17.076792,17.569927,26.22853,137.07245370451346,162.40101825492275,0.0,16.39504,17.00239,25.918676,190.00552285574486,114.22688204988845,0.0
2044-06-16 00:00:00,21.609377,22.72198,31.36877,5025.989963132815,1961.6109006756233,2850.6505650402687,21.867823,23.097233,31.997541,1406.2273872214064,72.16696497198427,0.0
2044-07-16 12:00:00,23.224642,24.749916,33.83986,37737.546724505955,32948.26041299093,35516.161453255336,23.127949,24.850777,34.020206,9406.96749009603,5272.67661768492,780.2175080148572
2044-08-16 12:00:00,21.741013,24.211407,33.447655,56443.13083717134,51219.46370079531,37863.986501008185,21.599457,23.881193,33.32324,17784.635875595268,13715.037635177578,6149.788595353311
2044-09-16 00:00:00,20.742254,23.32861,32.22751,20623.120925214607,21882.658031070605,12952.788490736566,21.617764,23.611153,32.548782,10471.732005142258,5959.986882845442,947.5459426512316
2044-10-16 12:00:00,11.667696,13.475194,22.92347,11165.363975643413,10919.748255382547,2125.5009053523736,13.013629,14.989159,23.849194,2591.525614919965,5880.873499740301,2887.6748480731294
2044-11-16 00:00:00,8.811824,10.532073,18.314499,8493.429004101927,2428.0256193014793,2615.475452098053,10.221611,11.702458,19.510399,18392.851725162473,18081.121294701006,17137.316400439886
2044-12-16 12:00:00,4.8207374,6.1605825,13.533175,14756.937378959265,12016.758761362871,16216.07372339713,4.9598384,6.5200877,13.819681,24274.03633685899,24298.724592561484,14305.491579975933
