,Time,log_flow_verde_upstream,log_flow_verde_downstream,difference_log_flow,difference_flow,CumDiff_flow
0,2024-10-01,4.703964026863205,4.890349128221754,-0.1863851013585487,-22.616129032258016,-22.616129032258016
1,2024-11-01,5.263553374111697,6.011185471720183,-0.747632097608486,-214.79999999999995,-237.41612903225797
2,2024-12-01,5.424381431822872,6.259581464064923,-0.8352000322420512,-296.1290322580646,-533.5451612903225
3,2025-01-01,5.444092051641288,5.330378516044663,0.11371353559662545,24.870967741935345,-508.67419354838717
4,2025-02-01,5.391189511824932,5.01657002961607,0.3746194822088613,68.57142857142864,-440.1027649769585
5,2025-03-01,5.40572417421833,4.808769141229331,0.5969550329889985,100.09677419354844,-340.0059907834101
6,2025-04-01,5.03500265054455,4.83336761160498,0.20163503893957024,28.06666666666669,-311.93932411674336
7,2025-05-01,4.778798148785918,4.8339751008535625,-0.05517695206764461,-6.748387096774152,-318.6877112135175
8,2025-06-01,4.627974838641355,4.7847100998201695,-0.15673526117881487,-17.360000000000056,-336.0477112135176
9,2025-07-01,4.370712874773608,4.789639971320336,-0.418927096546728,-41.158064516129116,-377.2057757296467
10,2025-08-01,4.48391338184277,4.880355138884644,-0.3964417570418739,-43.0967741935484,-420.3025499231951
11,2025-09-01,4.843311812879736,4.929666231562589,-0.08635441868285287,-11.444444444444485,-431.74699436763956
12,2025-10-01,5.491203255664653,5.974832534790039,-0.48362927912538645,-150.8533347322606,-582.6003290999001
13,2025-11-01,6.4669187831389285,5.746940612792969,0.7199781703459598,330.26701426606724,-252.3333148338329
14,2025-12-01,6.398517882709934,6.247213840484619,0.15130404222531446,84.38212661004366,-167.95118822378925
15,2026-01-01,6.568891933051548,6.094521522521973,0.4743704105295752,269.1579923152466,101.20680409145734
16,2026-02-01,6.665194572496448,6.540934085845947,0.12426048665050082,91.6825796058638,192.88938369732114
17,2026-03-01,5.350793726317235,5.876399993896484,-0.5256062675792492,-145.74791251207472,47.14147118524642
18,2026-04-01,5.1703099929960565,6.11770486831665,-0.9473948753205939,-277.8525389360642,-230.7110677508178
19,2026-05-01,4.774768974532367,5.173304080963135,-0.39853510643076806,-58.01409675275386,-288.72516450357165
20,2026-06-01,4.364486072017344,4.910110950469971,-0.5456248784526263,-57.04547430106635,-345.770638804638
21,2026-07-01,4.301640483631486,5.078924179077148,-0.7772836954456626,-86.78038861222565,-432.55102741686363
22,2026-08-01,4.469985131374942,4.95872163772583,-0.4887365063508877,-55.05620168352503,-487.6072291003887
23,2026-09-01,4.6015275042524575,4.63117790222168,-0.029650397969222198,-2.9984923209555348,-490.60572142134424
24,2026-10-01,4.738540155618742,6.0436177253723145,-1.3050775697535721,-307.1475762234922,-797.7532976448365
25,2026-11-01,5.29661067043697,6.3863067626953125,-1.0896960922583423,-394.0010467905936,-1191.75434443543
26,2026-12-01,5.554658936532975,5.882789134979248,-0.32813019844627345,-100.36980757117334,-1292.1241520066035
27,2027-01-01,6.09143976345513,5.389281749725342,0.7021580137297878,223.01141210683323,-1069.1127398997703
28,2027-02-01,6.151159767755045,5.153782367706299,0.9973774000487463,296.17638083980154,-772.9363590599687
29,2027-03-01,6.108583884798758,5.307797908782959,0.8007859760157992,247.7963100184663,-525.1400490415024
30,2027-04-01,5.19612291420185,5.583630084991455,-0.38750717078960495,-85.46479234701502,-610.6048413885173
31,2027-05-01,4.729544933900592,5.382364749908447,-0.6528198160078551,-104.29206900017839,-714.8969103886957
32,2027-06-01,4.336936300010634,4.740108966827393,-0.4031726668167588,-37.97378180962568,-752.8706921983214
33,2027-07-01,4.668533080209971,5.180423736572266,-0.5118906563622945,-71.21677750723477,-824.0874697055561
34,2027-08-01,4.892335794940542,4.803913593292236,0.08842220164830561,11.277597684199932,-812.8098720213562
35,2027-09-01,4.706178864466004,5.030563831329346,-0.3243849668633416,-42.39064117292807,-855.2005131942843
36,2027-10-01,4.704601839182293,6.06554651260376,-1.360944673421467,-320.3037304292879,-1175.5042436235722
37,2027-11-01,5.212891315329206,6.036458492279053,-0.8235671769498465,-234.7844036681877,-1410.2886472917598
38,2027-12-01,5.399919660816149,5.785080432891846,-0.38516077207569666,-104.01958327571077,-1514.3082305674707
39,2028-01-01,5.522556953816481,5.477731704711914,0.044825249104566645,10.970878428234386,-1503.3373521392364
40,2028-02-01,5.881371490572128,5.4758806228637695,0.40549086770835885,119.4395898297563,-1383.8977623094802
41,2028-03-01,5.87588334094835,5.366533279418945,0.5093500615294051,142.2200029592234,-1241.6777593502568
42,2028-04-01,5.3477695755111725,5.629112243652344,-0.28134266814117126,-68.27576790647615,-1309.953527256733
43,2028-05-01,4.868002048105409,6.096597671508789,-1.22859562340338,-314.282591244288,-1624.2361185010209
44,2028-06-01,4.383288728017824,5.183037757873535,-0.7997490298557111,-98.12235779879572,-1722.3584762998166
45,2028-07-01,4.590032847321968,4.903182506561279,-0.31314965923931126,-36.2201730853789,-1758.5786493851956
46,2028-08-01,4.510003074488455,4.895719528198242,-0.38571645370978747,-42.79408652534231,-1801.3727359105378
47,2028-09-01,4.41108188403848,4.985162734985352,-0.5740808509468716,-63.86885171074839,-1865.2415876212863
48,2028-10-01,4.996341537264815,5.132211685180664,-0.13587014791584906,-21.52015729572858,-1886.7617449170148
49,2028-11-01,5.531050214179923,6.181327819824219,-0.6502776056442956,-231.22485338478725,-2117.986598301802
50,2028-12-01,5.432452762329283,5.467121124267578,-0.034668361938295256,-8.068029319473538,-2126.054627621276
51,2029-01-01,5.734676338162332,5.406455993652344,0.3282203445099885,86.57237077147178,-2039.4822568498041
52,2029-02-01,5.699478526457274,5.531866073608398,0.16761245284887583,46.09672074758106,-1993.385536102223
53,2029-03-01,5.702862165286109,6.230638027191162,-0.5277758619050532,-208.35551447552092,-2201.741050577744
54,2029-04-01,5.128786500148388,5.808431148529053,-0.6796446483806644,-164.28399697875702,-2366.025047556501
55,2029-05-01,4.742532078851575,5.789122581481934,-1.0465905026303588,-212.0018976785775,-2578.0269452350785
56,2029-06-01,4.41108188403848,4.8617634773254395,-0.45068159328695945,-46.89341641523036,-2624.9203616503087
57,2029-07-01,4.710688939640182,5.141052722930908,-0.43036378329072633,-59.76688485267789,-2684.6872465029865
58,2029-08-01,5.558976795381431,4.999897003173828,0.5590797922076032,111.159246555489,-2573.5279999474974
59,2029-09-01,5.581282628685535,5.086371421813965,0.49491120687156975,103.61012685419436,-2469.917873093303
60,2029-10-01,5.066895909192601,5.740293502807617,-0.6733975936150163,-152.4747208221104,-2622.3925939154137
61,2029-11-01,5.082173437195535,6.271630764007568,-1.1894573268120334,-368.2160346088517,-2990.6086285242654
62,2029-12-01,5.40609102074894,5.768694877624512,-0.3626038568755714,-97.36054177567704,-3087.9691702999426
63,2030-01-01,5.508015489684334,6.0969038009643555,-0.5888883112800212,-197.81830111713276,-3285.7874714170753
64,2030-02-01,5.677202185471815,5.674000263214111,0.003201922257703771,0.9338847032107083,-3284.8535867138644
65,2030-03-01,5.481428928326016,6.214702606201172,-0.7332736778751556,-259.85758001365366,-3544.711166727518
66,2030-04-01,5.053438729244479,5.536526203155518,-0.4830874739110387,-97.23492765538222,-3641.9460943829004
67,2030-05-01,4.806510026692723,5.588272571563721,-0.7817625448709977,-144.96949081390446,-3786.915585196805
68,2030-06-01,4.405331261930354,5.7106451988220215,-1.3053139368916673,-220.17963383291374,-4007.0952190297185
69,2030-07-01,4.628070734222902,4.982781887054443,-0.3547111528315412,-43.56316048617123,-4050.6583795158895
70,2030-08-01,4.871542624695017,4.998111724853516,-0.12656910015849832,-17.611070343433198,-4068.269449859323
71,2030-09-01,4.8597706007001165,5.213008403778076,-0.3532378030779597,-54.65110098702175,-4122.920550846345
72,2030-10-01,4.863103475153709,5.583136081695557,-0.7200326065418476,-136.47894934339354,-4259.399500189738
73,2030-11-01,5.392389015277374,6.187689781188965,-0.7953007659115912,-266.9926839760585,-4526.392184165797
74,2030-12-01,5.504614918867421,5.525588035583496,-0.020973116716074713,-5.210136147629015,-4531.6023203134255
75,2031-01-01,5.504809115214882,6.244947910308838,-0.740138795093956,-269.5308590097294,-4801.133179323155
76,2031-02-01,5.527511824006748,6.006639003753662,-0.4791271797469143,-154.59875684948116,-4955.731936172636
77,2031-03-01,5.419667267071493,6.228678226470947,-0.8090109593994539,-281.28081150677815,-5237.012747679414
78,2031-04-01,5.212399858847157,5.568256855010986,-0.35585699616382893,-78.44305127379636,-5315.45579895321
79,2031-05-01,4.747058060181039,5.184921741485596,-0.4378636813045569,-63.31473322424229,-5378.770532177453
80,2031-06-01,4.336996146884903,5.316697120666504,-0.9797009737816005,-127.23247339754907,-5506.003005575002
81,2031-07-01,4.3905619287653845,5.7807936668396,-1.390231738074215,-243.330503461165,-5749.333509036167
82,2031-08-01,4.912407000876976,5.058590412139893,-0.14618341126291678,-21.402243295230818,-5770.735752331398
83,2031-09-01,4.573635300785319,5.0152740478515625,-0.44163874706624373,-53.80171405460936,-5824.537466386007
84,2031-10-01,4.902115328698505,6.032472610473633,-1.1303572817751277,-282.1700551961876,-6106.707521582194
85,2031-11-01,5.3605762344817025,6.795647621154785,-1.4350713866730826,-681.100450596085,-6787.80797217828
86,2031-12-01,5.553514229177151,5.924650192260742,-0.3711359630835913,-116.00439485408327,-6903.812367032363
87,2032-01-01,5.527774892539104,5.812705993652344,-0.2849311011132398,-82.93963200162023,-6986.751999033983
88,2032-02-01,5.554134383944489,5.568165302276611,-0.014030918332122333,-3.649777160293411,-6990.401776194277
89,2032-03-01,5.178569010320364,5.806968688964844,-0.6283996786444801,-155.1806230160624,-7145.58239921034
90,2032-04-01,4.907944071970687,5.0572638511657715,-0.14931977919508466,-21.7990785785081,-7167.381477788847
91,2032-05-01,4.542727287726563,4.972995281219482,-0.43026799349291966,-50.51226448460952,-7217.893742273457
92,2032-06-01,4.38130041115613,4.8042097091674805,-0.42290929801135047,-42.08109602286436,-7259.974838296322
93,2032-07-01,4.518878664288988,4.821163177490234,-0.30228451320124616,-32.376690918997184,-7292.351529215319
94,2032-08-01,4.3911948088057615,4.948376655578613,-0.5571818467728518,-60.20914780024793,-7352.560677015566
95,2032-09-01,4.408662636462206,5.152132511138916,-0.7434698746767099,-90.64008188273668,-7443.200758898303
96,2032-10-01,4.74449985779455,6.107227325439453,-1.3627274676449028,-334.1415022822304,-7777.342261180534
97,2032-11-01,5.322264508583527,6.126245975494385,-0.8039814669108578,-252.8674238906872,-8030.2096850712205
98,2032-12-01,5.501532660870521,5.9515299797058105,-0.4499973188352895,-139.27367370551585,-8169.483358776736
99,2033-01-01,5.48298356786031,5.572032928466797,-0.08904936060648705,-22.404776769308057,-8191.888135546044
100,2033-02-01,5.828133550458222,5.9130706787109375,-0.08493712825271515,-30.116064364615056,-8222.00419991066
101,2033-03-01,5.403474640222029,5.649001121520996,-0.24552648129896681,-61.830573050491495,-8283.83477296115
102,2033-04-01,5.070180082927877,5.310395240783691,-0.2402151578558147,-43.22722675481333,-8327.061999715965
103,2033-05-01,4.702967226677165,5.441908836364746,-0.7389416096875809,-120.60858484800869,-8447.670584563974
104,2033-06-01,4.419878745071109,4.878496170043945,-0.45861742497283675,-48.346652382413225,-8496.017236946387
105,2033-07-01,4.679470473269256,5.0139055252075195,-0.3344350519382635,-42.778317078779196,-8538.795554025166
106,2033-08-01,4.308164455062414,5.055099010467529,-0.7469345554051152,-82.51608099822356,-8621.31163502339
107,2033-09-01,4.460669843846051,5.055663108825684,-0.5949932649796326,-70.36308166482308,-8691.674716688214
108,2033-10-01,4.646740948676607,5.786655426025391,-1.1399144773487837,-221.676439541503,-8913.351156229717
109,2033-11-01,5.162390511369356,6.40351676940918,-1.2411262580398237,-429.38401841808485,-9342.735174647802
110,2033-12-01,6.64876740250983,5.616718769073486,1.032048633436344,496.84677030481026,-8845.888404342992
111,2034-01-01,6.804382225669156,5.858985424041748,0.9453968016274077,551.4220066056267,-8294.466397737366
112,2034-02-01,7.229346227673709,5.956894874572754,1.272451353100955,992.9120348286813,-7301.554362908684
113,2034-03-01,7.6118737503925455,7.137246131896973,0.4746276184955729,764.1040318265532,-6537.450331082131
114,2034-04-01,5.959451320591086,5.376062870025635,0.583388450565451,171.22799853379087,-6366.22233254834
115,2034-05-01,4.853470077296995,5.8058648109436035,-0.9523947336466083,-204.05796714562808,-6570.280299693968
116,2034-06-01,4.405331261930354,5.901748180389404,-1.4964169184590501,-283.7899131823447,-6854.070212876313
117,2034-07-01,4.301640483631486,5.186848163604736,-0.8852076799732504,-105.08299167691133,-6959.153204553225
118,2034-08-01,4.834587001859496,5.964091777801514,-1.129504775942018,-263.4127651429469,-7222.565969696172
119,2034-09-01,4.433141560114182,4.653811931610107,-0.22067037149592572,-20.788910096554858,-7243.354879792727
120,2034-10-01,5.119203419840715,5.706976413726807,-0.5877729938860918,-133.7575868764977,-7377.112466669225
121,2034-11-01,5.513787154565577,6.174788951873779,-0.6610017973082023,-232.39270726229648,-7609.505173931521
122,2034-12-01,5.626689011603576,5.276291847229004,0.3503971643745718,82.09794207845349,-7527.407231853068
123,2035-01-01,5.470436310878567,5.859373092651367,-0.38893678177280044,-112.94051954973116,-7640.347751402799
124,2035-02-01,5.540785738235725,5.234289169311523,0.3064965689242012,67.28247818729619,-7573.065273215503
125,2035-03-01,5.580043483098993,5.925103187561035,-0.3450597044620425,-109.23392606012936,-7682.299199275632
126,2035-04-01,5.317627718110631,5.729381084442139,-0.4117533663315074,-103.87911991400838,-7786.178319189641
127,2035-05-01,4.801282058214201,5.412257194519043,-0.6109751363048419,-102.47063694471156,-7888.648956134352
128,2035-06-01,4.364486072017344,5.113612174987793,-0.7491261029704486,-87.66087710680338,-7976.3098332411555
129,2035-07-01,4.366269355484974,5.185551643371582,-0.8192822878866082,-99.92268844737053,-8076.232521688526
130,2035-08-01,4.582317097446951,5.352837085723877,-0.7705199882769262,-113.46605352524126,-8189.698575213767
131,2035-09-01,4.751193093403215,4.859133243560791,-0.1079401501575763,-13.19014832839541,-8202.888723542163
132,2035-10-01,4.7501263666248885,6.005927085876465,-1.2558007192515763,-290.22815946868064,-8493.116883010844
133,2035-11-01,5.285858570815305,6.039095878601074,-0.7532373077857688,-221.98987342422498,-8715.106756435069
134,2035-12-01,5.479949583049799,5.933946132659912,-0.45399654961011304,-137.80718668561042,-8852.913943120679
135,2036-01-01,5.4979108333732,6.133871078491211,-0.6359602451180111,-217.03685728128,-9069.950800401959
136,2036-02-01,5.512973594750035,6.0893683433532715,-0.5763947486032368,-193.2555242870796,-9263.20632468904
137,2036-03-01,5.430196892196754,6.057394027709961,-0.6271971355132067,-199.06638499411804,-9462.272709683157
138,2036-04-01,5.295218483012859,5.867336273193359,-0.5721177901805001,-153.92543081423358,-9616.19814049739
139,2036-05-01,4.765160751136766,5.09882926940918,-0.3336685182724137,-46.480014282306826,-9662.678154779696
140,2036-06-01,4.38130041115613,4.562080383300781,-0.18077997214465125,-15.840613881745213,-9678.51876866144
141,2036-07-01,4.703483692943973,4.748520374298096,-0.045036681354122976,-5.082526928310756,-9683.601295589751
142,2036-08-01,5.161313161032296,4.811940670013428,0.349372491018868,51.42328145848704,-9632.178014131265
143,2036-09-01,4.775317763432222,5.002288818359375,-0.2269710549271533,-30.20526005899896,-9662.383274190264
144,2036-10-01,4.813383037370177,6.011424541473389,-1.1980415041032115,-284.9166845298339,-9947.299958720097
145,2036-11-01,5.280938385584394,6.261036396026611,-0.9800980104422177,-327.20725073723065,-10274.507209457328
146,2036-12-01,5.540146494051294,5.990898609161377,-0.45075211511008284,-145.0583778630637,-10419.565587320392
147,2037-01-01,6.596979670162996,5.413602828979492,1.1833768411835042,508.4395616480116,-9911.12602567238
148,2037-02-01,6.241089888363648,5.5990166664123535,0.6420732219512946,243.2571554203658,-9667.868870252014
149,2037-03-01,5.763983578204982,5.851676940917969,-0.08769336271298656,-29.20212839188713,-9697.070998643901
150,2037-04-01,5.043034647393978,5.443043231964111,-0.40000858457013333,-76.20505161690653,-9773.276050260807
151,2037-05-01,4.680176992364445,5.180380344390869,-0.500203352026424,-69.96125576799218,-9843.2373060288
152,2037-06-01,4.3911948088057615,5.289062976837158,-0.8978681680313967,-117.42083362642853,-9960.658139655228
153,2037-07-01,4.438554713164471,5.767538070678711,-1.3289833575142396,-235.09705594782463,-10195.755195603053
154,2037-08-01,4.40010306715661,4.781908988952637,-0.381805921796027,-37.87267208673278,-10233.627867689785
155,2037-09-01,4.652018753804111,4.839991569519043,-0.1879728157149323,-21.671955367972743,-10255.299823057758
156,2037-10-01,5.034509680877246,6.048746109008789,-1.014236428131543,-269.95732256703496,-10525.257145624793
157,2037-11-01,5.426915166515141,5.648401737213135,-0.22148657069799338,-56.39092882997346,-10581.648074454766
158,2037-12-01,5.567273045534498,5.520439624786377,0.046833420748121135,11.974621215308844,-10569.673453239457
159,2038-01-01,5.526756780908446,5.770220756530762,-0.2434639756223156,-69.28102352710124,-10638.954476766557
160,2038-02-01,5.7430022968996,5.535199165344238,0.20780313155536145,58.541459323617914,-10580.41301744294
161,2038-03-01,5.678171888852418,5.727132797241211,-0.048960908388792745,-14.67314769439281,-10595.086165137333
162,2038-04-01,5.114871720744708,6.271131992340088,-1.1562602715953796,-362.59652518936684,-10957.6826903267
163,2038-05-01,4.747606849080894,4.742272853851318,0.00533399522957545,0.6134149160338893,-10957.069275410666
164,2038-06-01,4.392279228038,4.983133316040039,-0.5908540880020388,-65.10648722087471,-11022.175762631541
165,2038-07-01,4.301640483631486,5.020782470703125,-0.7191419870716391,-77.70902883805671,-11099.884791469598
166,2038-08-01,4.538984411859034,5.08005428314209,-0.5410698712830557,-67.18708633155632,-11167.071877801154
167,2038-09-01,4.496490491187636,4.928772926330566,-0.4322824351429304,-48.50804552920559,-11215.57992333036
168,2038-10-01,4.7562343928997155,5.747731685638428,-0.9914972927387122,-197.17165149236547,-11412.751574822725
169,2038-11-01,5.317377764201105,5.881157875061035,-0.5637801108599305,-154.37513872072714,-11567.126713543452
170,2038-12-01,5.471542633980796,5.469720363616943,0.0018222703638528515,0.4329900781308993,-11566.693723465321
171,2039-01-01,5.507531364390638,5.799037933349609,-0.29150656895897153,-83.4401890628576,-11650.13391252818
172,2039-02-01,5.512973594750035,6.089776515960693,-0.5768029212106587,-193.4356233951873,-11843.569535923367
173,2039-03-01,5.5044805585498935,6.114782810211182,-0.6103022516612882,-206.70701019462862,-12050.276546117995
174,2039-04-01,5.024341551908084,6.6295623779296875,-1.6052208260216032,-605.080659371709,-12655.357205489705
175,2039-05-01,4.70836006918198,5.199790000915527,-0.4914299317335473,-70.36398757204518,-12725.72119306175
176,2039-06-01,4.392279228038,5.048709869384766,-0.6564306413467653,-74.99687841495079,-12800.718071476702
177,2039-07-01,4.477604189149496,4.8270158767700195,-0.3494116876205231,-36.81434054867759,-12837.532412025379
178,2039-08-01,4.961784451247528,4.911603927612305,0.050180523635223295,6.991329961625638,-12830.541082063753
179,2039-09-01,4.698979648364925,5.644067764282227,-0.9450881159173017,-172.7749293799624,-13003.316011443716
180,2039-10-01,4.953376629031214,5.156533718109131,-0.20315708907791663,-31.909332479641392,-13035.225343923357
181,2039-11-01,5.306314911836722,6.186657428741455,-0.880342516904733,-284.61224589058736,-13319.837589813944
182,2039-12-01,5.560675087371039,5.767213821411133,-0.2065387340400937,-59.64760160080942,-13379.485191414753
183,2040-01-01,5.5121651814082675,5.781151294708252,-0.26898611329998445,-76.4453134755052,-13455.930504890259
184,2040-02-01,5.552166515491296,5.942449569702148,-0.39028305421085285,-123.07127823957916,-13579.001783129837
185,2040-03-01,5.417925837930109,6.045688152313232,-0.6277623143831237,-196.87715801721512,-13775.878941147052
186,2040-04-01,4.990563737106788,6.522120475769043,-1.531556738662255,-532.9995406651959,-14308.878481812248
187,2040-05-01,4.681938684550685,5.4403605461120605,-0.7584218615613754,-122.5460760698842,-14431.424557882132
188,2040-06-01,4.331447579059772,5.236181259155273,-0.904733680095501,-111.8966925608434,-14543.321250442976
189,2040-07-01,4.512604486246779,4.938543319702148,-0.4259388334553691,-48.40786542827017,-14591.729115871245
190,2040-08-01,4.3950454557737135,4.769697189331055,-0.37465173355734116,-36.83522536899291,-14628.564341240239
191,2040-09-01,4.512654410805005,4.986605644226074,-0.4739512334210696,-55.27503155190442,-14683.839372792143
192,2040-10-01,4.749415812065221,5.522449970245361,-0.7730341581801401,-134.73060411225742,-14818.5699769044
193,2040-11-01,5.250684418973365,6.634097576141357,-1.3834131571679924,-569.8956390463904,-15388.46561595079
194,2040-12-01,5.595058130106291,5.416263103485107,0.17879502662118352,44.05668129291391,-15344.408934657877
195,2041-01-01,5.527774892539104,5.8329691886901855,-0.3051942961510816,-89.78728255475824,-15434.196217212635
196,2041-02-01,5.941755392062861,5.275238037109375,0.666517354953486,185.1654577737211,-15249.030759438914
197,2041-03-01,6.006311573172862,5.909355163574219,0.09695640959864349,37.51463937088971,-15211.516120068025
198,2041-04-01,5.090417144681545,5.932426929473877,-0.8420097847923316,-214.61090671886384,-15426.12702678689
199,2041-05-01,4.707613232697297,5.322283744812012,-0.6146705121147145,-94.06375570704188,-15520.190782493932
200,2041-06-01,4.313076492839714,5.6189751625061035,-1.30589866966639,-200.93692906781231,-15721.127711561743
201,2041-07-01,4.538926684062233,5.206016540527344,-0.6670898564651111,-88.77586693247115,-15809.903578494213
202,2041-08-01,5.082314842686927,4.987536430358887,0.09477841232803996,14.571772753287917,-15795.331805740925
203,2041-09-01,5.192180623670355,5.114564418792725,0.07761620487763032,13.432061148969126,-15781.899744591956
204,2041-10-01,4.937511932150173,6.446137428283691,-1.5086254961335186,-490.8402245888584,-16272.739969180815
205,2041-11-01,5.252659936384351,5.984388828277588,-0.731728891893237,-206.10586469122293,-16478.845833872037
206,2041-12-01,5.5026169295695855,5.468711853027344,0.03390507654224173,8.17860635322566,-16470.66722751881
207,2042-01-01,5.603133636298009,5.650769233703613,-0.047635597405604635,-13.235081962898562,-16483.90230948171
208,2042-02-01,6.020294323434361,5.411225318908691,0.6090690045256695,187.7939751379271,-16296.108334343782
209,2042-03-01,6.334828080126404,5.57841682434082,0.7564112557855838,299.22017088009164,-15996.888163463691
210,2042-04-01,5.432808474711046,5.82889986038208,-0.39609138567103397,-111.19354547829488,-16108.081708941985
211,2042-05-01,4.910014216682306,5.83689546585083,-0.9268812491685239,-207.07237817974575,-16315.154087121731
212,2042-06-01,4.514651465141359,5.0552825927734375,-0.5406311276320785,-65.50312512817405,-16380.657212249906
213,2042-07-01,4.610419052192464,5.088099956512451,-0.4776809043199872,-61.55534063162469,-16442.21255288153
214,2042-08-01,4.449370399487963,5.201808929443359,-0.7524385299553966,-96.02739712952778,-16538.23995001106
215,2042-09-01,4.774104648160957,4.941359996795654,-0.16725534863469704,-21.55621228847086,-16559.796162299528
216,2042-10-01,4.607816219279664,5.055436134338379,-0.44761991505871457,-56.607979386835325,-16616.404141686362
217,2042-11-01,5.299450272267776,5.836554050445557,-0.537103778177781,-142.37002363233532,-16758.774165318697
218,2042-12-01,5.448902644580769,5.679607391357422,-0.2307047467766532,-60.3315504553224,-16819.105715774018
219,2043-01-01,5.527515058882181,5.737433433532715,-0.20991837465053376,-58.748941057894115,-16877.85465683191
220,2043-02-01,5.873604019971841,5.615420818328857,0.2581832016429839,80.89908033014069,-16796.95557650177
221,2043-03-01,5.880490525066672,5.647678375244141,0.2328121498225313,74.35258588153948,-16722.602990620228
222,2043-04-01,5.2368425846686835,6.032485485076904,-0.7956429004082208,-228.6742360218492,-16951.277226642076
223,2043-05-01,4.786466552581593,5.571768760681152,-0.7853022080995595,-143.0216528976739,-17094.29887953975
224,2043-06-01,4.4242333017633335,5.314584732055664,-0.8903514302923305,-119.83127725870963,-17214.13015679846
225,2043-07-01,4.446997738385175,5.029078483581543,-0.5820807451963681,-67.42189229677764,-17281.552049095237
226,2043-08-01,4.681569642855542,4.913602352142334,-0.2320327092867922,-28.189550567486535,-17309.741599662724
227,2043-09-01,5.000269300154799,4.857766628265381,0.14250267188941823,19.716767526452998,-17290.02483213627
228,2043-10-01,4.887164947054403,6.657155513763428,-1.7699905667090245,-645.7566480620504,-17935.781480198322
229,2043-11-01,5.045758461153755,6.181051254272461,-1.1352927931187056,-328.13788005669045,-18263.91936025501
230,2043-12-01,5.392907442420494,5.926924228668213,-0.5340167862477188,-155.15769185051752,-18419.077052105527
231,2044-01-01,5.491792943817963,5.734103679656982,-0.24231073583901974,-66.5437222418536,-18485.620774347382
232,2044-02-01,5.483560344662955,6.308267116546631,-0.824706771883676,-308.39044412627754,-18794.01121847366
233,2044-03-01,5.276472123964755,5.412600994110107,-0.13612887014535247,-28.5356818925257,-18822.546900366186
234,2044-04-01,4.869293896648209,5.608211040496826,-0.7389171438486173,-142.42710150565037,-18964.974001871837
235,2044-05-01,4.445770671864072,4.851423263549805,-0.4056525916857323,-42.65676323456317,-19007.630765106398
236,2044-06-01,4.372392152805282,4.680013656616211,-0.3076215038109291,-28.53860187120914,-19036.169366977607
237,2044-07-01,4.624076811807481,4.909387588500977,-0.28531077669349525,-33.647723920911474,-19069.81709089852
238,2044-08-01,5.172411671210484,5.212589740753174,-0.040178069542689876,-7.2292406330755625,-19077.046331531594
239,2044-09-01,4.922342806968602,5.285020351409912,-0.3626775444413104,-60.034239781591566,-19137.080571313185
240,2044-10-01,4.960060091016199,6.157784461975098,-1.1977243709588983,-329.77797325140335,-19466.858544564588
241,2044-11-01,5.330202978175085,5.825403213500977,-0.49520023532589175,-132.3178325402001,-19599.176377104788
242,2044-12-01,5.516070890127234,6.062306880950928,-0.5462359908236936,-180.70867061395967,-19779.885047718748
