NHGISCODE,GJOIN1970,GJOIN1980,GJOIN1990,GJOIN2000,GJOIN2010,GJOIN2020,STATE,STATEFP,STATENH,PLACE,PLACEA,NAME1970,NAME1980,NAME1990,NAME2000,NAME2010,NAME2020,AV0AA1970,AV0AA1980,AV0AA1990,AV0AA2000,AV0AA2010,AV0AA2020
"G04000730",,,,,"G04000730","G04000730","Arizona","04","040","Aguila CDP","00730",,,,,"Aguila CDP","Aguila CDP",,,,,798,565
"G04000870","G0400005","G0400005","G04000870","G04000870","G04000870","G04000870","Arizona","04","040","Ajo CDP","00870","Ajo (U)","AJO %CDP<","Ajo CDP","Ajo CDP","Ajo CDP","Ajo CDP",5881,5189,2919,3705,3304,3039
"G04000940",,,,,"G04000940","G04000940","Arizona","04","040","Ak Chin CDP","00940",,,,,"Ak Chin CDP","Ak Chin CDP",,,,,30,50
"G04001090",,,"G04001010","G04001090","G04001090","G04001090","Arizona","04","040","Ak-Chin Village CDP","01090",,,"Ak-Chin Village CDP","Ak-Chin Village CDP","Ak-Chin Village CDP","Ak-Chin Village CDP",,,353,669,862,884
"G04001170",,,,,"G04001170","G04001170","Arizona","04","040","Alamo Lake CDP","01170",,,,,"Alamo Lake CDP","Alamo Lake CDP",,,,,25,4
"G04001560",,,,,"G04001560","G04001560","Arizona","04","040","Ali Chuk CDP","01560",,,,,"Ali Chuk CDP","Ali Chuk CDP",,,,,161,119
"G04001570",,,,,"G04001570","G04001570","Arizona","04","040","Ali Chukson CDP","01570",,,,,"Ali Chukson CDP","Ali Chukson CDP",,,,,132,113
"G04001620",,,,,"G04001620","G04001620","Arizona","04","040","Ali Molina CDP","01620",,,,,"Ali Molina CDP","Ali Molina CDP",,,,,71,61
"G04001920",,,,,"G04001920","G04001920","Arizona","04","040","Alpine CDP","01920",,,,,"Alpine CDP","Alpine CDP",,,,,145,146
"G04001990",,,,"G04001990","G04001990","G04001990","Arizona","04","040","Amado CDP","01990",,,,"Amado CDP","Amado CDP","Amado CDP",,,,275,295,198
"G04002270",,,,,"G04002270","G04002270","Arizona","04","040","Anegam CDP","02270",,,,,"Anegam CDP","Anegam CDP",,,,,151,149
"G04002410",,,,,"G04002410","G04002410","Arizona","04","040","Antares CDP","02410",,,,,"Antares CDP","Antares CDP",,,,,126,132
"G04002430",,,,,"G04002430","G04002430","Arizona","04","040","Anthem CDP","02430",,,,,"Anthem CDP","Anthem CDP",,,,,21700,23190
"G04002830","G0400007","G0400007","G04002830","G04002830","G04002830","G04002830","Arizona","04","040","Apache Junction city","02830","Apache Junction (U)","APACHE JUNCTION CITY","Apache Junction city","Apache Junction city","Apache Junction city","Apache Junction city",2390,9935,18100,31814,35840,38499
"G04003320",,,,,"G04003320","G04003320","Arizona","04","040","Arivaca CDP","03320",,,,,"Arivaca CDP","Arivaca CDP",,,,,695,623
"G04003380",,,,,"G04003380","G04003380","Arizona","04","040","Arivaca Junction CDP","03380",,,,,"Arivaca Junction CDP","Arivaca Junction CDP",,,,,1090,970
"G04003530",,,"G04003530","G04003530","G04003530","G04003530","Arizona","04","040","Arizona City CDP","03530",,,"Arizona City CDP","Arizona City CDP","Arizona City CDP","Arizona City CDP",,,1940,4385,10475,9868
"G04003915",,,,"G04003915","G04003915","G04003915","Arizona","04","040","Arizona Village CDP","03915",,,,"Arizona Village CDP","Arizona Village CDP","Arizona Village CDP",,,,351,946,1057
"G04004020",,,,,"G04004020","G04004020","Arizona","04","040","Arlington CDP","04020",,,,,"Arlington CDP","Arlington CDP",,,,,194,150
"G04004440",,,,"G04004440","G04004440","G04004440","Arizona","04","040","Ash Fork CDP","04440",,,,"Ash Fork CDP","Ash Fork CDP","Ash Fork CDP",,,,457,396,361
"G04004710",,,,,"G04004710","G04004710","Arizona","04","040","Avenue B and C CDP","04710",,,,,"Avenue B and C CDP","Avenue B and C CDP",,,,,4176,4101
"G04004720","G0400010","G0400013","G04004720","G04004720","G04004720","G04004720","Arizona","04","040","Avondale city","04720","Avondale","AVONDALE CITY","Avondale city","Avondale city","Avondale city","Avondale city",6304,8168,16169,35883,76238,89334
"G04004880",,,"G04004880","G04004880","G04004880","G04004880","Arizona","04","040","Avra Valley CDP","04880",,,"Avra Valley CDP","Avra Valley CDP","Avra Valley CDP","Avra Valley CDP",,,3403,5038,6050,5569
"G04004930",,,,,"G04004930","G04004930","Arizona","04","040","Aztec CDP","04930",,,,,"Aztec CDP","Aztec CDP",,,,,47,2
"G04005140","G0400015","G0400015","G04005140","G04005140","G04005140","G04005140","Arizona","04","040","Bagdad CDP","05140","Bagdad (U)","BAGDAD %CDP<","Bagdad CDP","Bagdad CDP","Bagdad CDP","Bagdad CDP",2079,2331,1858,1578,1876,1932
"G04005450",,,,,"G04005450","G04005450","Arizona","04","040","Bear Flat CDP","05450",,,,,"Bear Flat CDP","Bear Flat CDP",,,,,18,11
"G04005490",,,,,"G04005490","G04005490","Arizona","04","040","Beaver Dam CDP","05490",,,,,"Beaver Dam CDP","Beaver Dam CDP",,,,,1962,1552
"G04005495",,,,,"G04005495","G04005495","Arizona","04","040","Beaver Valley CDP","05495",,,,,"Beaver Valley CDP","Beaver Valley CDP",,,,,231,226
"G04005700",,,,,,"G04005700","Arizona","04","040","Bellemont CDP","05700",,,,,,"Bellemont CDP",,,,,,1167
"G04005770","G0400020","G0400020","G04005770","G04005770","G04005770","G04005770","Arizona","04","040","Benson city","05770","Benson","BENSON TOWN","Benson city","Benson city","Benson city","Benson city",2839,4190,3824,4711,5105,5355
"G04005970",,,,,"G04005970","G04005970","Arizona","04","040","Beyerville CDP","05970",,,,,"Beyerville CDP","Beyerville CDP",,,,,177,72
"G04006015",,,"G04006015","G04006015",,,"Arizona","04","040","Big Park CDP","06015",,,"Big Park CDP","Big Park CDP",,,,,3024,5245,,
"G04006260","G0400025","G0400025","G04006260","G04006260","G04006260","G04006260","Arizona","04","040","Bisbee city","06260","Bisbee","BISBEE CITY","Bisbee city","Bisbee city","Bisbee city","Bisbee city",8328,7154,6288,6090,5575,4923
"G04006470",,,,"G04006470","G04006470","G04006470","Arizona","04","040","Bitter Springs CDP","06470",,,,"Bitter Springs CDP","Bitter Springs CDP","Bitter Springs CDP",,,,547,452,355
"G04006610",,,"G04006610","G04006610","G04006610","G04006610","Arizona","04","040","Black Canyon City CDP","06610",,,"Black Canyon City CDP","Black Canyon City CDP","Black Canyon City CDP","Black Canyon City CDP",,,1811,2697,2837,2677
"G04006820",,,"G04006820","G04006820","G04006820","G04006820","Arizona","04","040","Blackwater CDP","06820",,,"Blackwater CDP","Blackwater CDP","Blackwater CDP","Blackwater CDP",,,400,504,1062,1190
"G04006997",,,,,,"G04006997","Arizona","04","040","Blue Ridge CDP","06997",,,,,,"Blue Ridge CDP",,,,,,594
"G04007025",,,"G04007025","G04007025","G04007025","G04007025","Arizona","04","040","Bluewater CDP","07025",,,"Bluewater CDP","Bluewater CDP","Bluewater CDP","Bluewater CDP",,,505,730,725,682
"G04007310",,,,"G04007310","G04007310","G04007310","Arizona","04","040","Bouse CDP","07310",,,,"Bouse CDP","Bouse CDP","Bouse CDP",,,,615,996,707
"G04007380",,,,,"G04007380","G04007380","Arizona","04","040","Bowie CDP","07380",,,,,"Bowie CDP","Bowie CDP",,,,,449,406
"G04007590",,,,,"G04007590","G04007590","Arizona","04","040","Brenda CDP","07590",,,,,"Brenda CDP","Brenda CDP",,,,,676,466
"G04007915",,,,,"G04007915","G04007915","Arizona","04","040","Bryce CDP","07915",,,,,"Bryce CDP","Bryce CDP",,,,,175,173
"G04007940","G0400030","G0400030","G04007940","G04007940","G04007940","G04007940","Arizona","04","040","Buckeye city","07940","Buckeye","BUCKEYE TOWN","Buckeye town","Buckeye town","Buckeye town","Buckeye city",2599,3434,5038,6537,50876,91502
"G04008020",,,,,"G04008020","G04008020","Arizona","04","040","Buckshot CDP","08020",,,,,"Buckshot CDP","Buckshot CDP",,,,,153,70
"G04008220",,"G0400031","G04008255","G04008220","G04008220","G04008220","Arizona","04","040","Bullhead City city","08220",,"BULLHEAD CITY-RIVIERA %CDP<","Bullhead City city","Bullhead City city","Bullhead City city","Bullhead City city",,10364,21951,33769,39540,41348
"G04008535",,,,"G04008535","G04008535","G04008535","Arizona","04","040","Burnside CDP","08535",,,,"Burnside CDP","Burnside CDP","Burnside CDP",,,,632,537,494
"G04008710","G0400032","G0400032","G04008710",,"G04008710","G04008710","Arizona","04","040","Bylas CDP","08710","Bylas (U)","BYLAS %CDP<","Bylas CDP",,"Bylas CDP","Bylas CDP",1125,1175,1219,,1962,1782
"G04008920",,,,,"G04008920","G04008920","Arizona","04","040","Cactus Flats CDP","08920",,,,,"Cactus Flats CDP","Cactus Flats CDP",,,,,1518,1524
"G04008990",,,,,"G04008990","G04008990","Arizona","04","040","Cactus Forest CDP","08990",,,,,"Cactus Forest CDP","Cactus Forest CDP",,,,,594,606
"G04009340",,,"G04009340","G04009340","G04009340","G04009340","Arizona","04","040","Cameron CDP","09340",,,"Cameron CDP","Cameron CDP","Cameron CDP","Cameron CDP",,,493,978,885,734
"G04009690",,"G0400033","G04009690","G04009690","G04009690","G04009690","Arizona","04","040","Camp Verde town","09690",,"CAMP VERDE %CDP<","Camp Verde town","Camp Verde town","Camp Verde town","Camp Verde town",,1125,6243,9451,10873,12147
"G04009580",,,,,"G04009580","G04009580","Arizona","04","040","Campo Bonito CDP","09580",,,,,"Campo Bonito CDP","Campo Bonito CDP",,,,,74,83
"G04009900",,,,,"G04009900","G04009900","Arizona","04","040","Cane Beds CDP","09900",,,,,"Cane Beds CDP","Cane Beds CDP",,,,,448,466
"G04010040",,,"G04010040","G04010040","G04010040","G04010040","Arizona","04","040","Canyon Day CDP","10040",,,"Canyon Day CDP","Canyon Day CDP","Canyon Day CDP","Canyon Day CDP",,,857,1092,1209,1205
"G04010180",,,"G04010180","G04010180","G04010180","G04010180","Arizona","04","040","Carefree town","10180",,,"Carefree town","Carefree town","Carefree town","Carefree town",,,1666,2927,3363,3690
"G04010320",,,,,"G04010320","G04010320","Arizona","04","040","Carrizo CDP","10320",,,,,"Carrizo CDP","Carrizo CDP",,,,,127,92
"G04010460",,,,,"G04010460","G04010460","Arizona","04","040","Casa Blanca CDP","10460",,,,,"Casa Blanca CDP","Casa Blanca CDP",,,,,1388,1727
"G04010530","G0400035","G0400035","G04010530","G04010530","G04010530","G04010530","Arizona","04","040","Casa Grande city","10530","Casa Grande","CASA GRANDE CITY","Casa Grande city","Casa Grande city","Casa Grande city","Casa Grande city",10536,14971,19082,25224,48571,53658
"G04010670",,,,"G04010670","G04010670","G04010670","Arizona","04","040","Casas Adobes CDP","10670",,,,"Casas Adobes CDP","Casas Adobes CDP","Casas Adobes CDP",,,,54011,66795,70973
"G0400042","G0400042","G0400042",,,,,"Arizona","04","040","Cashion","0042","Cashion (U)","CASHION %CDP<",,,,,2705,3014,,,,
"G04011160",,"G0400043","G04011160","G04011160","G04011160","G04011160","Arizona","04","040","Catalina CDP","11160",,"CATALINA %CDP<","Catalina CDP","Catalina CDP","Catalina CDP","Catalina CDP",,2749,4864,7025,7569,7551
"G04011230",,,,"G04011230","G04011230","G04011230","Arizona","04","040","Catalina Foothills CDP","11230",,,,"Catalina Foothills CDP","Catalina Foothills CDP","Catalina Foothills CDP",,,,53794,50796,52401
"G04011300",,"G0400044","G04011300","G04011300","G04011300","G04011300","Arizona","04","040","Cave Creek town","11300",,"CAVE CREEK %CDP<","Cave Creek town","Cave Creek town","Cave Creek town","Cave Creek town",,1589,2925,3728,5015,4892
"G04011370",,,,,"G04011370","G04011370","Arizona","04","040","Cedar Creek CDP","11370",,,,,"Cedar Creek CDP","Cedar Creek CDP",,,,,318,372
"G04011500",,,,,"G04011500","G04011500","Arizona","04","040","Centennial Park CDP","11500",,,,,"Centennial Park CDP","Centennial Park CDP",,,,,1264,1578
"G04011580",,,,,"G04011580","G04011580","Arizona","04","040","Central CDP","11580",,,,,"Central CDP","Central CDP",,,,,645,758
"G0400045","G0400045",,,,,,"Arizona","04","040","Central Heights (U)","0045","Central Heights (U)",,,,,,2289,,,,,
"G04011720",,"G0400046","G04011720","G04011720","G04011720","G04011720","Arizona","04","040","Central Heights-Midland City CDP","11720",,"CENTRAL HEIGHTS-MIDLAND CITY %CDP<","Central Heights-Midland City CDP","Central Heights-Midland City CDP","Central Heights-Midland City CDP","Central Heights-Midland City CDP",,2791,2969,2694,2534,2319
"G04012000","G0400050","G0400050","G04012000","G04012000","G04012000","G04012000","Arizona","04","040","Chandler city","12000","Chandler","CHANDLER CITY","Chandler city","Chandler city","Chandler city","Chandler city",13763,29673,90533,176581,236123,275987
"G04012150",,,,,"G04012150","G04012150","Arizona","04","040","Charco CDP","12150",,,,,"Charco CDP","Charco CDP",,,,,52,27
"G04012560",,,,,"G04012560","G04012560","Arizona","04","040","Chiawuli Tak CDP","12560",,,,,"Chiawuli Tak CDP","Chiawuli Tak CDP",,,,,78,48
"G04012630",,,,"G04012630","G04012630","G04012630","Arizona","04","040","Chilchinbito CDP","12630",,,,"Chilchinbito CDP","Chilchinbito CDP","Chilchinbito CDP",,,,462,506,769
"G04012770",,"G0400052","G04012770","G04012770","G04012770","G04012770","Arizona","04","040","Chinle CDP","12770",,"CHINLE %CDP<","Chinle CDP","Chinle CDP","Chinle CDP","Chinle CDP",,2815,5059,5366,4518,4573
"G04012840",,"G0400053","G04012840","G04012840","G04012840","G04012840","Arizona","04","040","Chino Valley town","12840",,"CHINO VALLEY TOWN","Chino Valley town","Chino Valley town","Chino Valley town","Chino Valley town",,2858,4837,7835,10817,13020
"G04012910",,,,,"G04012910","G04012910","Arizona","04","040","Chloride CDP","12910",,,,,"Chloride CDP","Chloride CDP",,,,,271,229
"G04013140",,,,,"G04013140","G04013140","Arizona","04","040","Christopher Creek CDP","13140",,,,,"Christopher Creek CDP","Christopher Creek CDP",,,,,156,121
"G04013190",,,"G04013190","G04013190","G04013190","G04013190","Arizona","04","040","Chuichu CDP","13190",,,"Chuichu CDP","Chuichu CDP","Chuichu CDP","Chuichu CDP",,,330,339,269,240
"G04013400",,,"G04013400","G04013400","G04013400","G04013400","Arizona","04","040","Cibecue CDP","13400",,,"Cibecue CDP","Cibecue CDP","Cibecue CDP","Cibecue CDP",,,1254,1331,1713,1816
"G04013470",,,,"G04013470","G04013470","G04013470","Arizona","04","040","Cibola CDP","13470",,,,"Cibola CDP","Cibola CDP","Cibola CDP",,,,172,250,198
"G04013540",,,,,"G04013540","G04013540","Arizona","04","040","Cienega Springs CDP","13540",,,,,"Cienega Springs CDP","Cienega Springs CDP",,,,,1798,1690
"G04013610",,,,,,"G04013610","Arizona","04","040","Circle City CDP","13610",,,,,,"Circle City CDP",,,,,,522
"G04013820",,,,,"G04013820","G04013820","Arizona","04","040","Citrus Park CDP","13820",,,,,"Citrus Park CDP","Citrus Park CDP",,,,,4028,5194
"G04013850",,,,,"G04013850","G04013850","Arizona","04","040","Clacks Canyon CDP","13850",,,,,"Clacks Canyon CDP","Clacks Canyon CDP",,,,,173,167
"G04013890","G0400055","G0400055","G04013890","G04013890","G04013890","G04013890","Arizona","04","040","Clarkdale town","13890","Clarkdale","CLARKDALE TOWN","Clarkdale town","Clarkdale town","Clarkdale town","Clarkdale town",,1512,2144,3422,4097,4424
"G04014030",,,,,"G04014030","G04014030","Arizona","04","040","Clay Springs CDP","14030",,,,,"Clay Springs CDP","Clay Springs CDP",,,,,401,331
"G04013960","G0400060","G0400060","G04013960","G04013960","G04013960","G04013960","Arizona","04","040","Claypool CDP","13960","Claypool (U)","CLAYPOOL %CDP<","Claypool CDP","Claypool CDP","Claypool CDP","Claypool CDP",2245,2362,1942,1794,1538,1395
"G04014380","G0400065","G0400065","G04014380","G04014380","G04014380","G04014380","Arizona","04","040","Clifton town","14380","Clifton","CLIFTON TOWN","Clifton town","Clifton town","Clifton town","Clifton town",5087,4245,2840,2596,3311,3933
"G04014870",,,"G04014870","G04014870","G04014870","G04014870","Arizona","04","040","Colorado City town","14870",,,"Colorado City town","Colorado City town","Colorado City town","Colorado City town",,,2426,3334,4821,2478
"G04015080",,,,,"G04015080","G04015080","Arizona","04","040","Comobabi CDP","15080",,,,,"Comobabi CDP","Comobabi CDP",,,,,8,44
"G04015150",,,,,"G04015150","G04015150","Arizona","04","040","Concho CDP","15150",,,,,"Concho CDP","Concho CDP",,,,,38,54
"G04015220",,,,"G04015220","G04015220","G04015220","Arizona","04","040","Congress CDP","15220",,,,"Congress CDP","Congress CDP","Congress CDP",,,,1717,1975,1811
"G04015500","G0400070","G0400070","G04015500","G04015500","G04015500","G04015500","Arizona","04","040","Coolidge city","15500","Coolidge","COOLIDGE CITY","Coolidge city","Coolidge city","Coolidge city","Coolidge city",4651,6851,6927,7786,11825,13218
"G04015600",,,,,"G04015600","G04015600","Arizona","04","040","Copper Hill CDP","15600",,,,,"Copper Hill CDP","Copper Hill CDP",,,,,108,158
"G04015765",,,,"G04015765","G04015765","G04015765","Arizona","04","040","Cordes Lakes CDP","15765",,,,"Cordes Lakes CDP","Cordes Lakes CDP","Cordes Lakes CDP",,,,2058,2633,2684
"G04015850",,,,,"G04015850","G04015850","Arizona","04","040","Cornfields CDP","15850",,,,,"Cornfields CDP","Cornfields CDP",,,,,255,221
"G04015920",,,"G04015920","G04015920","G04015920","G04015920","Arizona","04","040","Cornville CDP","15920",,,"Cornville CDP","Cornville CDP","Cornville CDP","Cornville CDP",,,2089,3335,3280,3362
"G04016030",,,,"G04016030","G04016030","G04016030","Arizona","04","040","Corona de Tucson CDP","16030",,,,"Corona de Tucson CDP","Corona de Tucson CDP","Corona de Tucson CDP",,,,813,5675,9240
"G04016360",,,,,"G04016360","G04016360","Arizona","04","040","Cottonwood CDP","16360",,,,,"Cottonwood CDP","Cottonwood CDP",,,,,226,167
"G04016410","G0400073","G0400073","G04016410","G04016410","G04016410","G04016410","Arizona","04","040","Cottonwood city","16410","Cottonwood","COTTONWOOD TOWN","Cottonwood city","Cottonwood city","Cottonwood city","Cottonwood city",2815,4550,5918,9179,11265,12029
"G04016485",,,"G04016485","G04016485",,,"Arizona","04","040","Cottonwood-Verde Village CDP","16485",,,"Cottonwood-Verde Village CDP","Cottonwood-Verde Village CDP",,,,,7037,10610,,
"G04016830",,,,,"G04016830","G04016830","Arizona","04","040","Cowlic CDP","16830",,,,,"Cowlic CDP","Cowlic CDP",,,,,135,105
"G04017460",,,,,"G04017460","G04017460","Arizona","04","040","Crozier CDP","17460",,,,,"Crozier CDP","Crozier CDP",,,,,14,21
"G04017500",,,,,"G04017500","G04017500","Arizona","04","040","Crystal Beach CDP","17500",,,,,"Crystal Beach CDP","Crystal Beach CDP",,,,,279,250
"G04017810",,,,,"G04017810","G04017810","Arizona","04","040","Cutter CDP","17810",,,,,"Cutter CDP","Cutter CDP",,,,,74,84
"G04018160",,,,,"G04018160","G04018160","Arizona","04","040","Dateland CDP","18160",,,,,"Dateland CDP","Dateland CDP",,,,,416,257
"G0400076",,"G0400076",,,,,"Arizona","04","040","Davis-Monthan AFB","0076",,"DAVIS-MONTHAN AFB %CDP<",,,,,,6279,,,,
"G04018448",,,,,"G04018448","G04018448","Arizona","04","040","Deer Creek CDP","18448",,,,,"Deer Creek CDP","Deer Creek CDP",,,,,216,230
"G04018490",,,,,"G04018490","G04018490","Arizona","04","040","Del Muerto CDP","18490",,,,,"Del Muerto CDP","Del Muerto CDP",,,,,329,258
"G04018580",,,"G04018580","G04018580","G04018580","G04018580","Arizona","04","040","Dennehotso CDP","18580",,,"Dennehotso CDP","Dennehotso CDP","Dennehotso CDP","Dennehotso CDP",,,616,734,746,587
"G04018740",,,"G04018740","G04018740","G04018740","G04018740","Arizona","04","040","Desert Hills CDP","18740",,,"Desert Hills CDP","Desert Hills CDP","Desert Hills CDP","Desert Hills CDP",,,1700,2183,2245,2764
"G04019145",,,"G04019145","G04019145","G04019145","G04019145","Arizona","04","040","Dewey-Humboldt town","19145",,,"Dewey-Humboldt CDP","Dewey-Humboldt CDP","Dewey-Humboldt town","Dewey-Humboldt town",,,3640,6295,3894,4326
"G04019280",,,,"G04019280","G04019280","G04019280","Arizona","04","040","Dilkon CDP","19280",,,,"Dilkon CDP","Dilkon CDP","Dilkon CDP",,,,1265,1184,1194
"G04019630",,,"G04019630","G04019630","G04019630","G04019630","Arizona","04","040","Dolan Springs CDP","19630",,,"Dolan Springs CDP","Dolan Springs CDP","Dolan Springs CDP","Dolan Springs CDP",,,1090,1867,2033,1734
"G04019740",,,,,"G04019740","G04019740","Arizona","04","040","Doney Park CDP","19740",,,,,"Doney Park CDP","Doney Park CDP",,,,,5395,5910
"G04019790",,,,,"G04019790","G04019790","Arizona","04","040","Donovan Estates CDP","19790",,,,,"Donovan Estates CDP","Donovan Estates CDP",,,,,1508,1295
"G04020050","G0400080","G0400080","G04020050","G04020050","G04020050","G04020050","Arizona","04","040","Douglas city","20050","Douglas","DOUGLAS CITY","Douglas city","Douglas city","Douglas city","Douglas city",12462,13058,12822,14312,17378,16534
"G04020330",,,,,"G04020330","G04020330","Arizona","04","040","Dragoon CDP","20330",,,,,"Dragoon CDP","Dragoon CDP",,,,,209,178
"G0400082",,"G0400082",,,,,"Arizona","04","040","Dreamland-Velda Rose","0082",,"DREAMLAND-VELDA ROSE %CDP<",,,,,,5969,,,,
"G04020540",,,,"G04020540","G04020540","G04020540","Arizona","04","040","Drexel Heights CDP","20540",,,,"Drexel Heights CDP","Drexel Heights CDP","Drexel Heights CDP",,,,23849,27749,27523
"G04020505",,,,"G04020505",,,"Arizona","04","040","Drexel-Alvernon CDP","20505",,,,"Drexel-Alvernon CDP",,,,,,4192,,
"G04020560",,,,,"G04020560","G04020560","Arizona","04","040","Dripping Springs CDP","20560",,,,,"Dripping Springs CDP","Dripping Springs CDP",,,,,235,142
"G04020570",,,,,"G04020570","G04020570","Arizona","04","040","Drysdale CDP","20570",,,,,"Drysdale CDP","Drysdale CDP",,,,,272,225
"G04020680",,"G0400084","G04020680","G04020680","G04020680","G04020680","Arizona","04","040","Dudleyville CDP","20680",,"DUDLEYVILLE %CDP<","Dudleyville CDP","Dudleyville CDP","Dudleyville CDP","Dudleyville CDP",,1205,1356,1323,959,597
"G04020750","G0400085","G0400085","G04020750","G04020750","G04020750","G04020750","Arizona","04","040","Duncan town","20750","Duncan","DUNCAN TOWN","Duncan town","Duncan town","Duncan town","Duncan town",,603,662,812,696,694
"G04020960","G0400090","G0400090","G04020960","G04020960","G04020960","G04020960","Arizona","04","040","Eagar town","20960","Eagar","EAGAR TOWN","Eagar town","Eagar town","Eagar town","Eagar town",1279,2791,4025,4033,4885,4395
"G04021310",,,"G04021310","G04021310","G04021310","G04021310","Arizona","04","040","East Fork CDP","21310",,,"East Fork CDP","East Fork CDP","East Fork CDP","East Fork CDP",,,752,880,699,672
"G04021410",,,,,"G04021410","G04021410","Arizona","04","040","East Globe CDP","21410",,,,,"East Globe CDP","East Globe CDP",,,,,226,259
"G04021537",,,,"G04021537",,,"Arizona","04","040","East Sahuarita CDP","21537",,,,"East Sahuarita CDP",,,,,,1419,,
"G04021545",,,,,"G04021545","G04021545","Arizona","04","040","East Verde Estates CDP","21545",,,,,"East Verde Estates CDP","East Verde Estates CDP",,,,,170,151
"G04021800",,,"G04021800","G04021800","G04021800","G04021800","Arizona","04","040","Ehrenberg CDP","21800",,,"Ehrenberg CDP","Ehrenberg CDP","Ehrenberg CDP","Ehrenberg CDP",,,1226,1357,1470,763
"G04021900",,,,,"G04021900","G04021900","Arizona","04","040","El Capitan CDP","21900",,,,,"El Capitan CDP","El Capitan CDP",,,,,37,48
"G04022220","G0400100","G0400100","G04022220","G04022220","G04022220","G04022220","Arizona","04","040","El Mirage city","22220","El Mirage","EL MIRAGE TOWN","El Mirage town","El Mirage city","El Mirage city","El Mirage city",3258,4307,5001,7609,31797,35805
"G04022400",,,,,"G04022400","G04022400","Arizona","04","040","El Prado Estates CDP","22400",,,,,"El Prado Estates CDP","El Prado Estates CDP",,,,,504,320
"G04021980",,,,,"G04021980","G04021980","Arizona","04","040","Elephant Head CDP","21980",,,,,"Elephant Head CDP","Elephant Head CDP",,,,,612,588
"G04022080",,,,,"G04022080","G04022080","Arizona","04","040","Elfrida CDP","22080",,,,,"Elfrida CDP","Elfrida CDP",,,,,459,421
"G04022150",,,,"G04022150","G04022150","G04022150","Arizona","04","040","Elgin CDP","22150",,,,"Elgin CDP","Elgin CDP","Elgin CDP",,,,309,161,162
"G04022360","G0400105","G0400105","G04022360","G04022360","G04022360","G04022360","Arizona","04","040","Eloy city","22360","Eloy","ELOY CITY","Eloy city","Eloy city","Eloy city","Eloy city",5381,6240,7211,10375,16631,15635
"G04023512",,,,"G04023512","G04023512","G04023512","Arizona","04","040","First Mesa CDP","23512",,,,"First Mesa CDP","First Mesa CDP","First Mesa CDP",,,,1124,1555,1352
"G04023620","G0400115","G0400115","G04023620","G04023620","G04023620","G04023620","Arizona","04","040","Flagstaff city","23620","Flagstaff","FLAGSTAFF CITY","Flagstaff city","Flagstaff city","Flagstaff city","Flagstaff city",26117,34743,45857,52894,65870,76831
"G04023760","G0400120","G0400120","G04023760","G04023760","G04023760","G04023760","Arizona","04","040","Florence town","23760","Florence","FLORENCE TOWN","Florence town","Florence town","Florence town","Florence town",2173,3391,7510,17054,25536,26785
"G04023955",,,,,"G04023955","G04023955","Arizona","04","040","Flowing Springs CDP","23955",,,,,"Flowing Springs CDP","Flowing Springs CDP",,,,,42,34
"G04023960",,,"G04023960","G04023960","G04023960","G04023960","Arizona","04","040","Flowing Wells CDP","23960",,,"Flowing Wells CDP","Flowing Wells CDP","Flowing Wells CDP","Flowing Wells CDP",,,14013,15050,16419,15657
"G04024100",,,,,,"G04024100","Arizona","04","040","Forest Lakes CDP","24100",,,,,,"Forest Lakes CDP",,,,,,155
"G04024250",,,,,"G04024250","G04024250","Arizona","04","040","Fort Apache CDP","24250",,,,,"Fort Apache CDP","Fort Apache CDP",,,,,143,113
"G04024460",,"G0400122","G04024460","G04024460","G04024460","G04024460","Arizona","04","040","Fort Defiance CDP","24460",,"FORT DEFIANCE %CDP<","Fort Defiance CDP","Fort Defiance CDP","Fort Defiance CDP","Fort Defiance CDP",,3431,4489,4061,3624,3541
"G0400123","G0400123",,,,,,"Arizona","04","040","Fort Huachuca (U)","0123","Fort Huachuca (U)",,,,,,6659,,,,,
"G04024895",,,,,"G04024895","G04024895","Arizona","04","040","Fort Mohave CDP","24895",,,,,"Fort Mohave CDP","Fort Mohave CDP",,,,,14364,16190
"G04024950",,,,,"G04024950","G04024950","Arizona","04","040","Fort Thomas CDP","24950",,,,,"Fort Thomas CDP","Fort Thomas CDP",,,,,374,319
"G04025045",,,,,"G04025045","G04025045","Arizona","04","040","Fort Valley CDP","25045",,,,,"Fort Valley CDP","Fort Valley CDP",,,,,779,1682
"G04025030",,,"G04025030","G04025030","G04025030","G04025030","Arizona","04","040","Fortuna Foothills CDP","25030",,,"Fortuna Foothills CDP","Fortuna Foothills CDP","Fortuna Foothills CDP","Fortuna Foothills CDP",,,7737,20478,26265,27776
"G04025300",,"G0400124","G04025300","G04025300","G04025300","G04025300","Arizona","04","040","Fountain Hills town","25300",,"FOUNTAIN HILLS %CDP<","Fountain Hills town","Fountain Hills town","Fountain Hills town","Fountain Hills town",,2771,10030,20235,22489,23820
"G04025650",,,,,"G04025650","G04025650","Arizona","04","040","Franklin CDP","25650",,,,,"Franklin CDP","Franklin CDP",,,,,92,75
"G04025720","G0400125","G0400125","G04025720","G04025720","G04025720","G04025720","Arizona","04","040","Fredonia town","25720","Fredonia","FREDONIA TOWN","Fredonia town","Fredonia town","Fredonia town","Fredonia town",,1040,1207,1036,1314,1323
"G04025735",,,,,"G04025735","G04025735","Arizona","04","040","Freedom Acres CDP","25735",,,,,"Freedom Acres CDP","Freedom Acres CDP",,,,,84,90
"G04026070",,,,"G04026070","G04026070","G04026070","Arizona","04","040","Gadsden CDP","26070",,,,"Gadsden CDP","Gadsden CDP","Gadsden CDP",,,,953,678,571
"G04026210",,,"G04026210","G04026210","G04026210","G04026210","Arizona","04","040","Ganado CDP","26210",,,"Ganado CDP","Ganado CDP","Ganado CDP","Ganado CDP",,,1257,1505,1210,883
"G04026780",,,,,"G04026780","G04026780","Arizona","04","040","Geronimo Estates CDP","26780",,,,,"Geronimo Estates CDP","Geronimo Estates CDP",,,,,60,30
"G04027050","G0400129","G0400129","G04027050","G04027050","G04027050","G04027050","Arizona","04","040","Gila Bend town","27050","Gila Bend","GILA BEND TOWN","Gila Bend town","Gila Bend town","Gila Bend town","Gila Bend town",1795,1585,1747,1980,1922,1892
"G04027260",,,,,"G04027260","G04027260","Arizona","04","040","Gila Crossing CDP","27260",,,,,"Gila Crossing CDP","Gila Crossing CDP",,,,,621,636
"G04027400","G0400135","G0400135","G04027400","G04027400","G04027400","G04027400","Arizona","04","040","Gilbert town","27400","Gilbert","GILBERT TOWN","Gilbert town","Gilbert town","Gilbert town","Gilbert town",1971,5717,29188,109697,208453,267918
"G04027540",,,,"G04027540","G04027540","G04027540","Arizona","04","040","Gisela CDP","27540",,,,"Gisela CDP","Gisela CDP","Gisela CDP",,,,532,570,536
"G04027820","G0400140","G0400140","G04027820","G04027820","G04027820","G04027820","Arizona","04","040","Glendale city","27820","Glendale","GLENDALE CITY","Glendale city","Glendale city","Glendale city","Glendale city",36228,97172,148134,218812,226721,248325
"G04028030","G0400145","G0400145","G04028030","G04028030","G04028030","G04028030","Arizona","04","040","Globe city","28030","Globe","GLOBE CITY","Globe city","Globe city","Globe city","Globe city",7333,6708,6062,7486,7532,7249
"G04028140",,,,"G04028120","G04028120","G04028140","Arizona","04","040","Gold Canyon CDP","28140",,,,"Gold Camp CDP","Gold Canyon CDP","Gold Canyon CDP",,,,6029,10159,11404
"G04028190",,,,,"G04028190","G04028190","Arizona","04","040","Golden Shores CDP","28190",,,,,"Golden Shores CDP","Golden Shores CDP",,,,,2047,1927
"G04028195",,,"G04028195","G04028195","G04028195","G04028195","Arizona","04","040","Golden Valley CDP","28195",,,"Golden Valley CDP","Golden Valley CDP","Golden Valley CDP","Golden Valley CDP",,,2619,4515,8370,8801
"G04028465",,,,,"G04028465","G04028465","Arizona","04","040","Goodyear Village CDP","28465",,,,,"Goodyear Village CDP","Goodyear Village CDP",,,,,457,463
"G04028380","G0400150","G0400150","G04028380","G04028380","G04028380","G04028380","Arizona","04","040","Goodyear city","28380","Goodyear","GOODYEAR TOWN","Goodyear city","Goodyear city","Goodyear city","Goodyear city",2140,2747,6258,18911,65275,95294
"G04028981","G0400155","G0400156","G04028981","G04028981","G04028981","G04028981","Arizona","04","040","Grand Canyon Village CDP","28981","Grand Canyon (U)","GRAND CANYON VILLAGE %CDP<","Grand Canyon Village CDP","Grand Canyon Village CDP","Grand Canyon Village CDP","Grand Canyon Village CDP",1011,1348,1499,1460,2004,1784
"G04028985",,,,,"G04028985","G04028985","Arizona","04","040","Grand Canyon West CDP","28985",,,,,"Grand Canyon West CDP","Grand Canyon West CDP",,,,,2,0
"G04029430",,,"G04029430","G04029430","G04029430","G04029430","Arizona","04","040","Greasewood CDP","29430",,,"Greasewood CDP","Greasewood CDP","Greasewood CDP","Greasewood CDP",,,196,581,547,372
"G04029710",,"G0400157","G04029710","G04029710","G04029710","G04029710","Arizona","04","040","Green Valley CDP","29710",,"GREEN VALLEY %CDP<","Green Valley CDP","Green Valley CDP","Green Valley CDP","Green Valley CDP",,7999,13231,17283,21391,22616
"G04029603",,,,,,"G04029603","Arizona","04","040","Greenehaven CDP","29603",,,,,,"Greenehaven CDP",,,,,,381
"G04029850",,,,,"G04029850","G04029850","Arizona","04","040","Greer CDP","29850",,,,,"Greer CDP","Greer CDP",,,,,41,58
"G04030550",,,,,"G04030550","G04030550","Arizona","04","040","Gu Oidak CDP","30550",,,,,"Gu Oidak CDP","Gu Oidak CDP",,,,,188,126
"G04030270",,"G0400158","G04030270","G04030270","G04030270","G04030270","Arizona","04","040","Guadalupe town","30270",,"GUADALUPE TOWN","Guadalupe town","Guadalupe town","Guadalupe town","Guadalupe town",,4506,5458,5228,5523,5322
"G04030830",,,,,"G04030830","G04030830","Arizona","04","040","Hackberry CDP","30830",,,,,"Hackberry CDP","Hackberry CDP",,,,,68,103
"G04030840",,,,,"G04030840","G04030840","Arizona","04","040","Haigler Creek CDP","30840",,,,,"Haigler Creek CDP","Haigler Creek CDP",,,,,19,35
"G04030850",,,,,"G04030850","G04030850","Arizona","04","040","Haivana Nakya CDP","30850",,,,,"Haivana Nakya CDP","Haivana Nakya CDP",,,,,96,72
"G04031182",,,,,"G04031182","G04031182","Arizona","04","040","Hard Rock CDP","31182",,,,,"Hard Rock CDP","Hard Rock CDP",,,,,94,38
"G04032020","G0400160","G0400160","G04032020","G04032020","G04032020","G04032020","Arizona","04","040","Hayden town","32020","Hayden","HAYDEN TOWN","Hayden town","Hayden town","Hayden town","Hayden town",1283,1205,909,892,662,512
"G04032310",,,"G04032410","G04032310","G04032310","G04032310","Arizona","04","040","Heber-Overgaard CDP","32310",,,"Heber-Overgaard CDP","Heber-Overgaard CDP","Heber-Overgaard CDP","Heber-Overgaard CDP",,,1581,2722,2822,2898
"G04033280","G0400165","G0400165","G04033280","G04033280","G04033280","G04033280","Arizona","04","040","Holbrook city","33280","Holbrook","HOLBROOK CITY","Holbrook city","Holbrook city","Holbrook city","Holbrook city",4759,5785,4686,4917,5053,4858
"G04033440",,,,,"G04033440","G04033440","Arizona","04","040","Hondah CDP","33440",,,,,"Hondah CDP","Hondah CDP",,,,,812,814
"G04033910",,,"G04033910",,,,"Arizona","04","040","Hotevilla CDP","33910",,,"Hotevilla CDP",,,,,,869,,,
"G04033945",,,,"G04033945","G04033945","G04033945","Arizona","04","040","Hotevilla-Bacavi CDP","33945",,,,"Hotevilla-Bacavi CDP","Hotevilla-Bacavi CDP","Hotevilla-Bacavi CDP",,,,767,957,1001
"G04033980",,,,"G04033980","G04033980","G04033980","Arizona","04","040","Houck CDP","33980",,,,"Houck CDP","Houck CDP","Houck CDP",,,,1087,1024,886
"G04034120","G0400170","G0400170","G04034120","G04034120","G04034120","G04034120","Arizona","04","040","Huachuca City town","34120","Huachuca","HUACHUCA CITY TOWN","Huachuca City town","Huachuca City town","Huachuca City town","Huachuca City town",1233,1661,1782,1751,1853,1626
"G04034700",,,,,"G04034700","G04034700","Arizona","04","040","Hunter Creek CDP","34700",,,,,"Hunter Creek CDP","Hunter Creek CDP",,,,,48,51
"G04034980",,,,,"G04034980","G04034980","Arizona","04","040","Icehouse Canyon CDP","34980",,,,,"Icehouse Canyon CDP","Icehouse Canyon CDP",,,,,677,574
"G04035310",,,,,"G04035310","G04035310","Arizona","04","040","Indian Wells CDP","35310",,,,,"Indian Wells CDP","Indian Wells CDP",,,,,255,232
"G04036440",,,,,,"G04036440","Arizona","04","040","J-Six Ranchettes CDP","36440",,,,,,"J-Six Ranchettes CDP",,,,,,647
"G04036010",,,,,"G04036010","G04036010","Arizona","04","040","Jakes Corner CDP","36010",,,,,"Jakes Corner CDP","Jakes Corner CDP",,,,,76,98
"G04036150",,,,"G04036150","G04036150","G04036150","Arizona","04","040","Jeddito CDP","36150",,,,"Jeddito CDP","Jeddito CDP","Jeddito CDP",,,,390,293,346
"G04036290","G0400175","G0400175","G04036290","G04036290","G04036290","G04036290","Arizona","04","040","Jerome town","36290","Jerome","JEROME TOWN","Jerome town","Jerome town","Jerome town","Jerome town",,420,403,329,444,464
"G04036430",,,,,"G04036430","G04036430","Arizona","04","040","Joseph City CDP","36430",,,,,"Joseph City CDP","Joseph City CDP",,,,,1386,1307
"G04036475",,,"G04036475","G04036475","G04036475","G04036475","Arizona","04","040","Kachina Village CDP","36475",,,"Kachina Village CDP","Kachina Village CDP","Kachina Village CDP","Kachina Village CDP",,,1711,2664,2622,2502
"G04036500",,,,"G04036500","G04036500","G04036500","Arizona","04","040","Kaibab CDP","36500",,,,"Kaibab CDP","Kaibab CDP","Kaibab CDP",,,,275,124,140
"G04036535",,,,,,"G04036535","Arizona","04","040","Kaibab Estates West CDP","36535",,,,,,"Kaibab Estates West CDP",,,,,,1034
"G04036640",,,"G04036640","G04036640","G04036640","G04036640","Arizona","04","040","Kaibito CDP","36640",,,"Kaibito CDP","Kaibito CDP","Kaibito CDP","Kaibito CDP",,,641,1607,1522,1540
"G04036780",,,,,"G04036780","G04036780","Arizona","04","040","Kaka CDP","36780",,,,,"Kaka CDP","Kaka CDP",,,,,141,83
"G04036920",,,,,"G04036920","G04036920","Arizona","04","040","Katherine CDP","36920",,,,,"Katherine CDP","Katherine CDP",,,,,103,76
"G04036990",,"G0400178","G04036990","G04036990","G04036990","G04036990","Arizona","04","040","Kayenta CDP","36990",,"KAYENTA %CDP<","Kayenta CDP","Kayenta CDP","Kayenta CDP","Kayenta CDP",,3343,4372,4922,5189,4670
"G04037130",,,"G04037130","G04037130","G04037130","G04037130","Arizona","04","040","Keams Canyon CDP","37130",,,"Keams Canyon CDP","Keams Canyon CDP","Keams Canyon CDP","Keams Canyon CDP",,,393,260,304,265
"G04037200","G0400180","G0400180","G04037200","G04037200","G04037200","G04037200","Arizona","04","040","Kearny town","37200","Kearny","KEARNY TOWN","Kearny town","Kearny town","Kearny town","Kearny town",2829,2646,2262,2249,1950,1741
"G04037620","G0400185","G0400185","G04037620","G04037620","G04037620","G04037620","Arizona","04","040","Kingman city","37620","Kingman","KINGMAN CITY","Kingman city","Kingman city","Kingman city","Kingman city",7312,9257,12722,20069,28068,32689
"G04037935",,,,,"G04037935","G04037935","Arizona","04","040","Kino Springs CDP","37935",,,,,"Kino Springs CDP","Kino Springs CDP",,,,,136,166
"G04038250",,,,,"G04038250","G04038250","Arizona","04","040","Klagetoh CDP","38250",,,,,"Klagetoh CDP","Klagetoh CDP",,,,,242,181
"G04038290",,,,,,"G04038290","Arizona","04","040","Kleindale CDP","38290",,,,,,"Kleindale CDP",,,,,,165
"G04038950",,,,,"G04038940","G04038950","Arizona","04","040","Ko Vaya CDP","38950",,,,,"Ko Vaya CDP","Ko Vaya CDP",,,,,46,43
"G04038530",,,,,"G04038530","G04038530","Arizona","04","040","Kohatk CDP","38530",,,,,"Kohatk CDP","Kohatk CDP",,,,,27,37
"G04038600",,,,,"G04038600","G04038600","Arizona","04","040","Kohls Ranch CDP","38600",,,,,"Kohls Ranch CDP","Kohls Ranch CDP",,,,,46,30
"G04038655",,,"G04038670",,"G04038655","G04038655","Arizona","04","040","Komatke CDP","38655",,,"Komatke CDP",,"Komatke CDP","Komatke CDP",,,1116,,821,1013
"G04039100",,,"G04039100","G04039100","G04039100","G04039100","Arizona","04","040","Kykotsmovi Village CDP","39100",,,"Kykotsmovi Village CDP","Kykotsmovi Village CDP","Kykotsmovi Village CDP","Kykotsmovi Village CDP",,,773,776,746,736
"G04040160",,,,,"G04040160","G04040160","Arizona","04","040","La Paz Valley CDP","40160",,,,,"La Paz Valley CDP","La Paz Valley CDP",,,,,699,368
"G04039370",,"G0400187","G04039370","G04039370","G04039370","G04039370","Arizona","04","040","Lake Havasu City city","39370",,"LAKE HAVASU CITY CITY","Lake Havasu City city","Lake Havasu City city","Lake Havasu City city","Lake Havasu City city",,15909,24363,41938,52527,57144
"G04039720",,,"G04039720","G04039720","G04039720","G04039720","Arizona","04","040","Lake Montezuma CDP","39720",,,"Lake Montezuma CDP","Lake Montezuma CDP","Lake Montezuma CDP","Lake Montezuma CDP",,,1841,3344,4706,5111
"G04039790",,,,,"G04039790","G04039790","Arizona","04","040","Lake of the Woods CDP","39790",,,,,"Lake of the Woods CDP","Lake of the Woods CDP",,,,,4094,3648
"G0400188",,"G0400188",,,,,"Arizona","04","040","Lakeside","0188",,"LAKESIDE %CDP<",,,,,,1333,,,,
"G04040400",,,,,"G04040400","G04040400","Arizona","04","040","Lazy Y U CDP","40400",,,,,"Lazy Y U CDP","Lazy Y U CDP",,,,,428,474
"G04040415",,,,"G04040415","G04040415","G04040415","Arizona","04","040","LeChee CDP","40415",,,,"Lechee CDP","LeChee CDP","LeChee CDP",,,,1606,1443,1236
"G04040630",,,"G04040630","G04040630","G04040630","G04040630","Arizona","04","040","Leupp CDP","40630",,,"Leupp CDP","Leupp CDP","Leupp CDP","Leupp CDP",,,857,970,951,934
"G04041085",,,,,"G04041085","G04041085","Arizona","04","040","Linden CDP","41085",,,,,"Linden CDP","Linden CDP",,,,,2597,2760
"G04041330","G0400190","G0400190","G04041330","G04041330","G04041330","G04041330","Arizona","04","040","Litchfield Park city","41330","Litchfield Park (U)","LITCHFIELD PARK %CDP<","Litchfield Park city","Litchfield Park city","Litchfield Park city","Litchfield Park city",1664,3657,3303,3810,5476,6847
"G04041470",,,,,"G04041470","G04041470","Arizona","04","040","Littlefield CDP","41470",,,,,"Littlefield CDP","Littlefield CDP",,,,,308,256
"G04041540",,,,"G04041540","G04041540",,"Arizona","04","040","Littletown CDP","41540",,,,"Littletown CDP","Littletown CDP",,,,,1010,873,
"G04042590",,,,,"G04042590","G04042590","Arizona","04","040","Low Mountain CDP","42590",,,,,"Low Mountain CDP","Low Mountain CDP",,,,,757,631
"G04042460",,,,,"G04042460","G04042460","Arizona","04","040","Lower Santan Village CDP","42460",,,,,"Lower Santan Village CDP","Lower Santan Village CDP",,,,,374,437
"G04042660",,"G0400193","G04042660","G04042660","G04042660","G04042660","Arizona","04","040","Lukachukai CDP","42660",,"LUKACHUKAI %CDP<","Lukachukai CDP","Lukachukai CDP","Lukachukai CDP","Lukachukai CDP",,1049,113,1565,1701,1424
"G04042800","G0400195","G0400195","G04042800",,,,"Arizona","04","040","Luke AFB CDP","42800","Luke (U)","LUKE AFB %CDP<","Luke AFB CDP",,,,5047,3515,4371,,,
"G04042940",,,,,"G04042940","G04042940","Arizona","04","040","Lupton CDP","42940",,,,,"Lupton CDP","Lupton CDP",,,,,25,19
"G04043920",,,,,"G04043920","G04043920","Arizona","04","040","Maish Vaya CDP","43920",,,,,"Maish Vaya CDP","Maish Vaya CDP",,,,,158,129
"G04043990","G0400205","G0400205","G04043990","G04043990","G04043990","G04043990","Arizona","04","040","Mammoth town","43990","Mammoth","MAMMOTH TOWN","Mammoth town","Mammoth town","Mammoth town","Mammoth town",1953,1906,1845,1762,1426,1076
"G04044200",,"G0400207","G04044200","G04044200","G04044200","G04044200","Arizona","04","040","Many Farms CDP","44200",,"MANY FARMS %CDP<","Many Farms CDP","Many Farms CDP","Many Farms CDP","Many Farms CDP",,1364,1294,1548,1348,1243
"G04044270",,"G0400210","G04044270","G04044270","G04044270","G04044270","Arizona","04","040","Marana town","44270",,"MARANA TOWN","Marana town","Marana town","Marana town","Marana town",,1674,2187,13556,34961,51908
"G04044450",,,,,"G04044450","G04044450","Arizona","04","040","Maricopa Colony CDP","44450",,,,,"Maricopa Colony CDP","Maricopa Colony CDP",,,,,709,854
"G04044410",,,,"G04044410","G04044410","G04044410","Arizona","04","040","Maricopa city","44410",,,,"Maricopa CDP","Maricopa city","Maricopa city",,,,1040,43482,58125
"G04044830",,,,,"G04044830","G04044830","Arizona","04","040","Martinez Lake CDP","44830",,,,,"Martinez Lake CDP","Martinez Lake CDP",,,,,798,94
"G04045180",,,,"G04045180","G04045180","G04045180","Arizona","04","040","Mayer CDP","45180",,,,"Mayer CDP","Mayer CDP","Mayer CDP",,,,1408,1497,1558
"G04043150",,,,,"G04043150","G04043150","Arizona","04","040","McConnico CDP","43150",,,,,"McConnico CDP","McConnico CDP",,,,,70,63
"G04043430",,"G0400200","G04043430","G04043430","G04043430","G04043430","Arizona","04","040","McNary CDP","43430",,"MCNARY %CDP<","McNary CDP","McNary CDP","McNary CDP","McNary CDP",,1320,355,349,528,484
"G04043570",,,,,"G04043570","G04043570","Arizona","04","040","McNeal CDP","43570",,,,,"McNeal CDP","McNeal CDP",,,,,238,182
"G04045275",,,,,"G04045275","G04045275","Arizona","04","040","Mead Ranch CDP","45275",,,,,"Mead Ranch CDP","Mead Ranch CDP",,,,,38,42
"G04045285",,,,,"G04045285","G04045285","Arizona","04","040","Meadview CDP","45285",,,,,"Meadview CDP","Meadview CDP",,,,,1224,1420
"G04046000","G0400215","G0400215","G04046000","G04046000","G04046000","G04046000","Arizona","04","040","Mesa city","46000","Mesa","MESA CITY","Mesa city","Mesa city","Mesa city","Mesa city",62853,152453,288091,396375,439041,504258
"G04046005",,,,,"G04046005","G04046005","Arizona","04","040","Mesa del Caballo CDP","46005",,,,,"Mesa del Caballo CDP","Mesa del Caballo CDP",,,,,765,781
"G04046070",,,,,"G04046070","G04046070","Arizona","04","040","Mescal CDP","46070",,,,,"Mescal CDP","Mescal CDP",,,,,1812,1751
"G04046087",,,,"G04046087","G04046087","G04046087","Arizona","04","040","Mesquite Creek CDP","46087",,,,"Mesquite Creek CDP","Mesquite Creek CDP","Mesquite Creek CDP",,,,205,416,403
"G04046350","G0400220","G0400220","G04046350","G04046350","G04046350","G04046350","Arizona","04","040","Miami town","46350","Miami","MIAMI TOWN","Miami town","Miami town","Miami town","Miami town",3394,2716,2018,1936,1837,1541
"G04046840",,,,,"G04046840","G04046840","Arizona","04","040","Miracle Valley CDP","46840",,,,,"Miracle Valley CDP","Miracle Valley CDP",,,,,644,571
"G04047190",,,,,"G04047190","G04047190","Arizona","04","040","Moccasin CDP","47190",,,,,"Moccasin CDP","Moccasin CDP",,,,,89,53
"G04047330",,,"G04047330","G04047330","G04047330","G04047330","Arizona","04","040","Moenkopi CDP","47330",,,"Moenkopi CDP","Moenkopi CDP","Moenkopi CDP","Moenkopi CDP",,,924,901,964,771
"G04047400",,,"G04047400","G04047400","G04047400","G04047400","Arizona","04","040","Mohave Valley CDP","47400",,,"Mohave Valley CDP","Mohave Valley CDP","Mohave Valley CDP","Mohave Valley CDP",,,6962,13694,2616,2693
"G04047495",,,,"G04047495","G04047495","G04047495","Arizona","04","040","Mojave Ranch Estates CDP","47495",,,,"Mojave Ranch Estates CDP","Mojave Ranch Estates CDP","Mojave Ranch Estates CDP",,,,28,52,53
"G04047610",,"G0400230","G04047610","G04047610","G04047610","G04047610","Arizona","04","040","Morenci CDP","47610",,"MORENCI %CDP<","Morenci CDP","Morenci CDP","Morenci CDP","Morenci CDP",,2736,1799,1879,1489,2028
"G04047680",,,,,,"G04047680","Arizona","04","040","Mormon Lake CDP","47680",,,,,,"Mormon Lake CDP",,,,,,90
"G04047750",,,,,"G04047740","G04047750","Arizona","04","040","Morristown CDP","47750",,,,,"Morristown CDP","Morristown CDP",,,,,227,186
"G04047925",,,,,,"G04047925","Arizona","04","040","Mountain View Ranches CDP","47925",,,,,,"Mountain View Ranches CDP",,,,,,1508
"G04047820",,,,"G04047820","G04047820","G04047820","Arizona","04","040","Mountainaire CDP","47820",,,,"Mountainaire CDP","Mountainaire CDP","Mountainaire CDP",,,,1014,1119,1068
"G04048170",,,,"G04048170","G04048170","G04048170","Arizona","04","040","Munds Park CDP","48170",,,,"Munds Park CDP","Munds Park CDP","Munds Park CDP",,,,1250,631,1096
"G04048310",,,,"G04048310","G04048310","G04048310","Arizona","04","040","Naco CDP","48310",,,,"Naco CDP","Naco CDP","Naco CDP",,,,833,1046,824
"G04049010",,,,"G04049010","G04049010","G04049010","Arizona","04","040","Nazlini CDP","49010",,,,"Nazlini CDP","Nazlini CDP","Nazlini CDP",,,,397,489,505
"G04049100",,,,,"G04049100","G04049100","Arizona","04","040","Nelson CDP","49100",,,,,"Nelson CDP","Nelson CDP",,,,,259,249
"G04049270",,,"G04049270","G04049270","G04049270","G04049270","Arizona","04","040","New Kingman-Butler CDP","49270",,,"New Kingman-Butler CDP","New Kingman-Butler CDP","New Kingman-Butler CDP","New Kingman-Butler CDP",,,11627,14810,12134,12907
"G04049360",,,,"G04049360","G04049360","G04049360","Arizona","04","040","New River CDP","49360",,,,"New River CDP","New River CDP","New River CDP",,,,10740,14952,17290
"G04049640","G0400235","G0400235","G04049640","G04049640","G04049640","G04049640","Arizona","04","040","Nogales city","49640","Nogales","NOGALES CITY","Nogales city","Nogales city","Nogales city","Nogales city",8946,15683,19489,20878,20837,19770
"G04049710",,,,,"G04049710","G04049710","Arizona","04","040","Nolic CDP","49710",,,,,"Nolic CDP","Nolic CDP",,,,,37,12
"G04050000",,,,,"G04050000","G04050000","Arizona","04","040","North Fork CDP","50000",,,,,"North Fork CDP","North Fork CDP",,,,,1417,1467
"G04050340",,,,,"G04050340","G04050340","Arizona","04","040","Nutrioso CDP","50340",,,,,"Nutrioso CDP","Nutrioso CDP",,,,,26,39
"G04050362",,,,,,"G04050362","Arizona","04","040","Oak Creek Canyon CDP","50362",,,,,,"Oak Creek Canyon CDP",,,,,,442
"G04050480",,,,,"G04050480","G04050480","Arizona","04","040","Oak Springs CDP","50480",,,,,"Oak Springs CDP","Oak Springs CDP",,,,,63,54
"G04050620",,,,,"G04050620","G04050620","Arizona","04","040","Oatman CDP","50620",,,,,"Oatman CDP","Oatman CDP",,,,,135,102
"G04051142",,,,"G04051142","G04051142","G04051142","Arizona","04","040","Oljato-Monument Valley CDP","51142",,,,"Oljato-Monument Valley CDP","Oljato-Monument Valley CDP","Oljato-Monument Valley CDP",,,,155,154,115
"G04051180",,"G0400237","G04051180","G04051180","G04051180","G04051180","Arizona","04","040","Oracle CDP","51180",,"ORACLE %CDP<","Oracle CDP","Oracle CDP","Oracle CDP","Oracle CDP",,2484,3043,3563,3686,3051
"G04051465",,,,,"G04051465","G04051465","Arizona","04","040","Orange Grove Mobile Manor CDP","51465",,,,,"Orange Grove Mobile Manor CDP","Orange Grove Mobile Manor CDP",,,,,594,495
"G04051600",,"G0400238","G04051600","G04051600","G04051600","G04051600","Arizona","04","040","Oro Valley town","51600",,"ORO VALLEY TOWN","Oro Valley town","Oro Valley town","Oro Valley town","Oro Valley town",,1489,6670,29700,41011,47070
"G04051775",,,,,"G04051775","G04051775","Arizona","04","040","Oxbow Estates CDP","51775",,,,,"Oxbow Estates CDP","Oxbow Estates CDP",,,,,217,198
"G04051800",,,,,"G04051800","G04051800","Arizona","04","040","Padre Ranchitos CDP","51800",,,,,"Padre Ranchitos CDP","Padre Ranchitos CDP",,,,,171,133
"G04051810","G0400240","G0400240","G04051810","G04051810","G04051810","G04051810","Arizona","04","040","Page city","51810","Page (U)","PAGE CITY","Page city","Page city","Page city","Page city",1439,4907,6598,6809,7247,7440
"G04052230",,,,,"G04052230","G04052230","Arizona","04","040","Palominas CDP","52230",,,,,"Palominas CDP","Palominas CDP",,,,,212,222
"G04052930","G0400242","G0400242","G04052930","G04052930","G04052930","G04052930","Arizona","04","040","Paradise Valley town","52930","Paradise Valley","PARADISE VALLEY TOWN","Paradise Valley town","Paradise Valley town","Paradise Valley town","Paradise Valley town",7155,11085,11671,13664,12820,12658
"G04053210",,,"G04053210","G04053210","G04053210","G04053210","Arizona","04","040","Parker Strip CDP","53210",,,"Parker Strip CDP","Parker Strip CDP","Parker Strip CDP","Parker Strip CDP",,,1646,3302,662,621
"G04053070","G0400245","G0400245","G04053070","G04053070","G04053070","G04053070","Arizona","04","040","Parker town","53070","Parker","PARKER TOWN","Parker town","Parker town","Parker town","Parker town",1948,2542,2897,3140,3083,3417
"G04053350",,,,"G04053350","G04053350","G04053350","Arizona","04","040","Parks CDP","53350",,,,"Parks CDP","Parks CDP","Parks CDP",,,,1137,1188,1382
"G04053490","G0400250","G0400250","G04053490","G04053490","G04053490","G04053490","Arizona","04","040","Patagonia town","53490","Patagonia","PATAGONIA TOWN","Patagonia town","Patagonia town","Patagonia town","Patagonia town",,980,888,881,913,804
"G04053560",,,,"G04053560","G04053560","G04053560","Arizona","04","040","Paulden CDP","53560",,,,"Paulden CDP","Paulden CDP","Paulden CDP",,,,3420,5231,5567
"G04053700","G0400252","G0400252","G04053700","G04053700","G04053700","G04053700","Arizona","04","040","Payson town","53700","Payson (U)","PAYSON TOWN","Payson town","Payson town","Payson town","Payson town",1490,5068,8377,13620,15301,16351
"G04053770",,,"G04053770","G04053770","G04053770","G04053770","Arizona","04","040","Peach Springs CDP","53770",,,"Peach Springs CDP","Peach Springs CDP","Peach Springs CDP","Peach Springs CDP",,,787,600,1090,1098
"G04053910",,,,"G04053910","G04053910","G04053910","Arizona","04","040","Peeples Valley CDP","53910",,,,"Peeples Valley CDP","Peeples Valley CDP","Peeples Valley CDP",,,,374,428,499
"G04054050","G0400255","G0400255","G04054050","G04054050","G04054050","G04054050","Arizona","04","040","Peoria city","54050","Peoria","PEORIA CITY","Peoria city","Peoria city","Peoria city","Peoria city",4792,12251,50618,108364,154065,190985
"G04054190",,,"G04054190","G04054190","G04054190","G04054190","Arizona","04","040","Peridot CDP","54190",,,"Peridot CDP","Peridot CDP","Peridot CDP","Peridot CDP",,,957,1266,1350,1308
"G04055000","G0400260","G0400260","G04055000","G04055000","G04055000","G04055000","Arizona","04","040","Phoenix city","55000","Phoenix","PHOENIX CITY","Phoenix city","Phoenix city","Phoenix city","Phoenix city",581562,789704,983403,1321045,1445632,1608139
"G04055210",,,,,"G04055210","G04055210","Arizona","04","040","Picacho CDP","55210",,,,,"Picacho CDP","Picacho CDP",,,,,471,250
"G04055300",,,"G04055300","G04055300","G04055300","G04055300","Arizona","04","040","Picture Rocks CDP","55300",,,"Picture Rocks CDP","Picture Rocks CDP","Picture Rocks CDP","Picture Rocks CDP",,,4026,8139,9563,9551
"G04055560","G0400265","G0400265","G04055560","G04055560","G04055560","G04055560","Arizona","04","040","Pima town","55560","Pima","PIMA TOWN","Pima town","Pima town","Pima town","Pima town",1184,1599,1725,1989,2387,2847
"G04055575",,,,,"G04055575",,"Arizona","04","040","Pimaco Two CDP","55575",,,,,"Pimaco Two CDP",,,,,,682,
"G04055630",,,,,"G04055630","G04055630","Arizona","04","040","Pinal CDP","55630",,,,,"Pinal CDP","Pinal CDP",,,,,439,456
"G04055700",,,,"G04055700","G04055700","G04055700","Arizona","04","040","Pine CDP","55700",,,,"Pine CDP","Pine CDP","Pine CDP",,,,1931,1963,1953
"G04055845",,,,,"G04055845","G04055845","Arizona","04","040","Pine Lake CDP","55845",,,,,"Pine Lake CDP","Pine Lake CDP",,,,,138,142
"G04055840",,,,,"G04055840","G04055840","Arizona","04","040","Pinedale CDP","55840",,,,,"Pinedale CDP","Pinedale CDP",,,,,487,482
"G0400268",,"G0400268",,,,,"Arizona","04","040","Pinetop","0268",,"PINETOP %CDP<",,,,,,1527,,,,
"G04055880",,,,,"G04055880","G04055880","Arizona","04","040","Pinetop Country Club CDP","55880",,,,,"Pinetop Country Club CDP","Pinetop Country Club CDP",,,,,1794,1409
"G04055980",,,"G04055980","G04055980","G04055980","G04055980","Arizona","04","040","Pinetop-Lakeside town","55980",,,"Pinetop-Lakeside town","Pinetop-Lakeside town","Pinetop-Lakeside town","Pinetop-Lakeside town",,,2422,3582,4282,4030
"G04055983",,,,,"G04055983","G04055983","Arizona","04","040","Pinion Pines CDP","55983",,,,,"Pinion Pines CDP","Pinion Pines CDP",,,,,186,158
"G04056120",,,"G04056120","G04056120","G04056120","G04056120","Arizona","04","040","Pinon CDP","56120",,,"Pinon CDP","Pinon CDP","Pinon CDP","Pinon CDP",,,468,1190,904,1084
"G04056400",,"G0400270","G04056400","G04056400","G04056400","G04056400","Arizona","04","040","Pirtleville CDP","56400",,"PIRTLEVILLE %CDP<","Pirtleville CDP","Pirtleville CDP","Pirtleville CDP","Pirtleville CDP",,1425,1364,1550,1744,1412
"G04056470",,,"G04056470","G04056470","G04056470","G04056470","Arizona","04","040","Pisinemo CDP","56470",,,"Pisinemo CDP","Pisinemo CDP","Pisinemo CDP","Pisinemo CDP",,,341,237,321,359
"G0400275","G0400275",,,,,,"Arizona","04","040","Plantsite (U)","0275","Plantsite (U)",,,,,,1077,,,,,
"G04056890",,,"G04056890",,,,"Arizona","04","040","Polacca CDP","56890",,,"Polacca CDP",,,,,,1108,,,
"G04057170",,,"G04057170","G04057170","G04057170","G04057170","Arizona","04","040","Poston CDP","57170",,,"Poston CDP","Poston CDP","Poston CDP","Poston CDP",,,480,389,285,183
"G04057450",,"G0400282","G04057450","G04057450","G04057450","G04057450","Arizona","04","040","Prescott Valley town","57450",,"PRESCOTT VALLEY TOWN","Prescott Valley town","Prescott Valley town","Prescott Valley town","Prescott Valley town",,2284,8858,23535,38822,46785
"G04057380","G0400280","G0400280","G04057380","G04057380","G04057380","G04057380","Arizona","04","040","Prescott city","57380","Prescott","PRESCOTT CITY","Prescott city","Prescott city","Prescott city","Prescott city",13030,20055,26455,33938,39843,45827
"G04058010",,,"G04058010","G04058010","G04058010","G04058010","Arizona","04","040","Quartzsite town","58010",,,"Quartzsite town","Quartzsite town","Quartzsite town","Quartzsite town",,,1876,3354,3677,2413
"G04058150",,,"G04058150","G04058150","G04058150","G04058150","Arizona","04","040","Queen Creek town","58150",,,"Queen Creek town","Queen Creek town","Queen Creek town","Queen Creek town",,,2667,4316,26361,59519
"G04058290",,,,"G04058290","G04058290","G04058290","Arizona","04","040","Queen Valley CDP","58290",,,,"Queen Valley CDP","Queen Valley CDP","Queen Valley CDP",,,,820,788,967
"G04058620",,,,,"G04058620","G04058620","Arizona","04","040","Rainbow City CDP","58620",,,,,"Rainbow City CDP","Rainbow City CDP",,,,,968,1001
"G04058870",,,,,"G04058870","G04058870","Arizona","04","040","Rancho Mesa Verde CDP","58870",,,,,"Rancho Mesa Verde CDP","Rancho Mesa Verde CDP",,,,,625,571
"G04059372",,,,,,"G04059372","Arizona","04","040","Red Lake CDP","59372",,,,,,"Red Lake CDP",,,,,,1680
"G04059550",,,,"G04059550","G04059550","G04059550","Arizona","04","040","Red Mesa CDP","59550",,,,"Red Mesa CDP","Red Mesa CDP","Red Mesa CDP",,,,237,480,354
"G04059770",,,,,"G04059770",,"Arizona","04","040","Red Rock CDP","59770",,,,,"Red Rock CDP",,,,,,2169,
"G04059690",,,,,,"G04059690","Arizona","04","040","Red Rock CDP (Apache County)","59690",,,,,,"Red Rock CDP",,,,,,136
"G04059760",,,,,"G04059760","G04059760","Arizona","04","040","Red Rock CDP (Pinal County)","59760",,,,,"Red Rock CDP","Red Rock CDP",,,,,169,2625
"G04059900",,,,,"G04059900","G04059900","Arizona","04","040","Rillito CDP","59900",,,,,"Rillito CDP","Rillito CDP",,,,,97,94
"G04060120",,,,,"G04060120","G04060120","Arizona","04","040","Rincon Valley CDP","60120",,,,,"Rincon Valley CDP","Rincon Valley CDP",,,,,5139,5612
"G04060180",,,,,"G04060180","G04060180","Arizona","04","040","Rio Rico CDP","60180",,,,,"Rio Rico CDP","Rio Rico CDP",,,,,18962,20549
"G04060184",,,"G04060184",,,,"Arizona","04","040","Rio Rico East CDP","60184",,,"Rio Rico East CDP",,,,,,1407,,,
"G04060186",,,,"G04060186",,,"Arizona","04","040","Rio Rico Northeast CDP","60186",,,,"Rio Rico Northeast CDP",,,,,,3164,,
"G04060188",,,,"G04060188",,,"Arizona","04","040","Rio Rico Northwest CDP","60188",,,,"Rio Rico Northwest CDP",,,,,,2882,,
"G04060190",,,,"G04060190",,,"Arizona","04","040","Rio Rico Southeast CDP","60190",,,,"Rio Rico Southeast CDP",,,,,,1590,,
"G04060192",,,,"G04060192",,,"Arizona","04","040","Rio Rico Southwest CDP","60192",,,,"Rio Rico Southwest CDP",,,,,,2777,,
"G04060250",,,,"G04060250","G04060250","G04060250","Arizona","04","040","Rio Verde CDP","60250",,,,"Rio Verde CDP","Rio Verde CDP","Rio Verde CDP",,,,1419,1811,2210
"G04060770",,,,,"G04060770","G04060770","Arizona","04","040","Rock House CDP","60770",,,,,"Rock House CDP","Rock House CDP",,,,,50,10
"G04060880",,,,"G04060880","G04060880","G04060880","Arizona","04","040","Rock Point CDP","60880",,,,"Rock Point CDP","Rock Point CDP","Rock Point CDP",,,,724,642,552
"G04061300",,,,,"G04061300","G04061300","Arizona","04","040","Roosevelt CDP","61300",,,,,"Roosevelt CDP","Roosevelt CDP",,,,,28,26
"G04061302",,,,,,"G04061302","Arizona","04","040","Roosevelt Estates CDP","61302",,,,,,"Roosevelt Estates CDP",,,,,,449
"G04061370",,,"G04061370","G04061370","G04061370","G04061370","Arizona","04","040","Rough Rock CDP","61370",,,"Rough Rock CDP","Rough Rock CDP","Rough Rock CDP","Rough Rock CDP",,,523,469,414,428
"G04061440",,,,"G04061440","G04061440","G04061440","Arizona","04","040","Round Rock CDP","61440",,,,"Round Rock CDP","Round Rock CDP","Round Rock CDP",,,,601,789,640
"G04061448",,,,,"G04061448","G04061448","Arizona","04","040","Round Valley CDP","61448",,,,,"Round Valley CDP","Round Valley CDP",,,,,487,459
"G04061690",,,,,"G04061690","G04061690","Arizona","04","040","Rye CDP","61690",,,,,"Rye CDP","Rye CDP",,,,,77,104
"G04061715",,,,,"G04061715","G04061715","Arizona","04","040","Sacate Village CDP","61715",,,,,"Sacate Village CDP","Sacate Village CDP",,,,,169,260
"G04061720",,"G0400285","G04061720","G04061720","G04061720","G04061720","Arizona","04","040","Sacaton CDP","61720",,"SACATON %CDP<","Sacaton CDP","Sacaton CDP","Sacaton CDP","Sacaton CDP",,1951,1452,1584,2672,3254
"G04061800",,,,,"G04061800","G04061800","Arizona","04","040","Sacaton Flats Village CDP","61800",,,,,"Sacaton Flats Village CDP","Sacaton Flats Village CDP",,,,,541,576
"G04061940",,,,,"G04061940","G04061940","Arizona","04","040","Saddlebrooke CDP","61940",,,,,"Saddlebrooke CDP","Saddlebrooke CDP",,,,,9614,12574
"G04062000","G0400290","G0400290","G04062000","G04062000","G04062000","G04062000","Arizona","04","040","Safford city","62000","Safford","SAFFORD CITY","Safford city","Safford city","Safford city","Safford city",5333,7010,7359,9232,9566,10129
"G04062140",,,,"G04062140","G04062140","G04062140","Arizona","04","040","Sahuarita town","62140",,,,"Sahuarita town","Sahuarita town","Sahuarita town",,,,3242,25259,34134
"G04062700",,,,"G04062700","G04062700","G04062700","Arizona","04","040","Salome CDP","62700",,,,"Salome CDP","Salome CDP","Salome CDP",,,,1690,1530,1162
"G04062910","G0400297","G0400297","G04062910","G04062910","G04062910","G04062910","Arizona","04","040","San Carlos CDP","62910","San Carlos (U)","SAN CARLOS %CDP<","San Carlos CDP","San Carlos CDP","San Carlos CDP","San Carlos CDP",2542,2668,2918,3716,4038,3987
"G04063260",,,,,"G04063260","G04063260","Arizona","04","040","San Jose CDP","63260",,,,,"San Jose CDP","San Jose CDP",,,,,506,467
"G04063470",,"G0400299","G04063470","G04063470","G04063470","G04063470","Arizona","04","040","San Luis city","63470",,"SAN LUIS TOWN","San Luis city","San Luis city","San Luis city","San Luis city",,1946,4212,15322,25505,35257
"G04063540","G0400300","G0400300","G04063540","G04063540","G04063540","G04063540","Arizona","04","040","San Manuel CDP","63540","San Manuel (U)","SAN MANUEL %CDP<","San Manuel CDP","San Manuel CDP","San Manuel CDP","San Manuel CDP",4332,5443,4009,4375,3551,3114
"G04063610",,,,,"G04063610","G04063610","Arizona","04","040","San Miguel CDP","63610",,,,,"San Miguel CDP","San Miguel CDP",,,,,197,205
"G04063820",,,,,"G04063820","G04063820","Arizona","04","040","San Simon CDP","63820",,,,,"San Simon CDP","San Simon CDP",,,,,165,158
"G04064210",,,,,"G04064210","G04064210","Arizona","04","040","San Tan Valley CDP","64210",,,,,"San Tan Valley CDP","San Tan Valley CDP",,,,,81321,99894
"G04063050",,,,,"G04063050","G04063050","Arizona","04","040","Sanders CDP","63050",,,,,"Sanders CDP","Sanders CDP",,,,,630,575
"G04063960",,,,,"G04063960","G04063960","Arizona","04","040","Santa Cruz CDP","63960",,,,,"Santa Cruz CDP","Santa Cruz CDP",,,,,37,39
"G04064310",,,"G04064310","G04064310","G04064310","G04064310","Arizona","04","040","Santa Rosa CDP","64310",,,"Santa Rosa CDP","Santa Rosa CDP","Santa Rosa CDP","Santa Rosa CDP",,,493,438,628,474
"G04064100",,,"G04064100","G04064100",,,"Arizona","04","040","Santan CDP","64100",,,"Santan CDP","Santan CDP",,,,,330,651,,
"G04064590",,,"G04064590","G04064590","G04064590","G04064590","Arizona","04","040","Sawmill CDP","64590",,,"Sawmill CDP","Sawmill CDP","Sawmill CDP","Sawmill CDP",,,507,612,748,564
"G04064650",,,,,"G04064650","G04064650","Arizona","04","040","Scenic CDP","64650",,,,,"Scenic CDP","Scenic CDP",,,,,1643,1321
"G04065000","G0400305","G0400305","G04065000","G04065000","G04065000","G04065000","Arizona","04","040","Scottsdale city","65000","Scottsdale","SCOTTSDALE CITY","Scottsdale city","Scottsdale city","Scottsdale city","Scottsdale city",67823,88412,130069,202705,217385,241361
"G04065167",,,,,"G04065167","G04065167","Arizona","04","040","Seba Dalkai CDP","65167",,,,,"Seba Dalkai CDP","Seba Dalkai CDP",,,,,136,126
"G04065280",,,"G04065280","G04065280","G04065280","G04065280","Arizona","04","040","Second Mesa CDP","65280",,,"Second Mesa CDP","Second Mesa CDP","Second Mesa CDP","Second Mesa CDP",,,929,814,962,843
"G04065350","G0400307","G0400307","G04065350","G04065350","G04065350","G04065350","Arizona","04","040","Sedona city","65350","Sedona (U)","SEDONA %CDP<","Sedona city","Sedona city","Sedona city","Sedona city",2022,5368,7720,10192,10031,9684
"G04065400",,,,,"G04065400","G04065400","Arizona","04","040","Sehili CDP","65400",,,,,"Sehili CDP","Sehili CDP",,,,,135,153
"G04065420",,,,"G04065420","G04065420","G04065420","Arizona","04","040","Seligman CDP","65420",,,,"Seligman CDP","Seligman CDP","Seligman CDP",,,,456,445,446
"G04065490",,"G0400309","G04065490","G04065490","G04065490","G04065490","Arizona","04","040","Sells CDP","65490",,"SELLS %CDP<","Sells CDP","Sells CDP","Sells CDP","Sells CDP",,1864,2750,2799,2495,2121
"G04065780",,,,,"G04065780","G04065780","Arizona","04","040","Seven Mile CDP","65780",,,,,"Seven Mile CDP","Seven Mile CDP",,,,,707,742
"G04066190",,,"G04066190","G04066190","G04066190","G04066190","Arizona","04","040","Shongopovi CDP","66190",,,"Shongopovi CDP","Shongopovi CDP","Shongopovi CDP","Shongopovi CDP",,,730,632,831,711
"G04066260",,,"G04066260","G04066260","G04066260","G04066260","Arizona","04","040","Shonto CDP","66260",,,"Shonto CDP","Shonto CDP","Shonto CDP","Shonto CDP",,,710,568,591,494
"G04066470","G0400310","G0400313","G04066470","G04066470","G04066470","G04066470","Arizona","04","040","Show Low city","66470","Show Low","SHOW LOW CITY","Show Low city","Show Low city","Show Low city","Show Low city",2285,4298,5019,7695,10660,11732
"G04066540",,,,,,"G04066540","Arizona","04","040","Shumway CDP","66540",,,,,,"Shumway CDP",,,,,,347
"G04066845",,,"G04066845","G04066845","G04066845","G04066845","Arizona","04","040","Sierra Vista Southeast CDP","66845",,,"Sierra Vista Southeast CDP","Sierra Vista Southeast CDP","Sierra Vista Southeast CDP","Sierra Vista Southeast CDP",,,9237,14348,14797,14428
"G04066820","G0400315","G0400315","G04066820","G04066820","G04066820","G04066820","Arizona","04","040","Sierra Vista city","66820","Sierra Vista","SIERRA VISTA CITY","Sierra Vista city","Sierra Vista city","Sierra Vista city","Sierra Vista city",6689,24937,32983,37775,43888,45308
"G04067295",,,,,"G04067295","G04067295","Arizona","04","040","Six Shooter Canyon CDP","67295",,,,,"Six Shooter Canyon CDP","Six Shooter Canyon CDP",,,,,1019,958
"G04067800","G0400320","G0400320","G04067800","G04067800","G04067800","G04067800","Arizona","04","040","Snowflake town","67800","Snowflake","SNOWFLAKE TOWN","Snowflake town","Snowflake town","Snowflake town","Snowflake town",1833,3510,3679,4460,5590,6104
"G04067920",,,,,"G04067920","G04067920","Arizona","04","040","So-Hi CDP","67920",,,,,"So-Hi CDP","So-Hi CDP",,,,,477,428
"G04068010",,,,,"G04068010","G04068010","Arizona","04","040","Solomon CDP","68010",,,,,"Solomon CDP","Solomon CDP",,,,,426,399
"G04068080","G0400325","G0400325","G04068080","G04068080","G04068080","G04068080","Arizona","04","040","Somerton city","68080","Somerton","SOMERTON TOWN","Somerton city","Somerton city","Somerton city","Somerton city",2225,5761,5282,7266,14287,14197
"G04068220",,,,"G04068220","G04068220","G04068220","Arizona","04","040","Sonoita CDP","68220",,,,"Sonoita CDP","Sonoita CDP","Sonoita CDP",,,,826,818,803
"G04068670",,,,,"G04068670","G04068670","Arizona","04","040","South Komelik CDP","68670",,,,,"South Komelik CDP","South Komelik CDP",,,,,111,176
"G04068850","G0400340","G0400340","G04068850","G04068850","G04068850","G04068850","Arizona","04","040","South Tucson city","68850","South Tucson","SOUTH TUCSON CITY","South Tucson city","South Tucson city","South Tucson city","South Tucson city",6220,6554,5093,5490,5652,4613
"G04069060",,,,"G04069060","G04069060","G04069060","Arizona","04","040","Spring Valley CDP","69060",,,,"Spring Valley CDP","Spring Valley CDP","Spring Valley CDP",,,,1019,1148,1143
"G04068990","G0400345","G0400345","G04068990","G04068990","G04068990","G04068990","Arizona","04","040","Springerville town","68990","Springerville","SPRINGERVILLE TOWN","Springerville town","Springerville town","Springerville town","Springerville town",1038,1452,1802,1972,1961,1717
"G04062280",,,"G04062280","G04062280","G04062280","G04062280","Arizona","04","040","St. David CDP","62280",,,"St. David CDP","St. David CDP","St. David CDP","St. David CDP",,,1468,1744,1699,1639
"G04062362",,,,,"G04062362","G04062362","Arizona","04","040","St. Johns CDP","62362",,,,,"St. Johns CDP","St. Johns CDP",,,,,476,690
"G04062350","G0400295","G0400295","G04062350","G04062350","G04062350","G04062350","Arizona","04","040","St. Johns city","62350","St Johns","ST. JOHNS CITY","St. Johns city","St. Johns city","St. Johns city","St. Johns city",1320,3368,3294,3269,3480,3417
"G04062420",,,"G04062420","G04062420","G04062420","G04062420","Arizona","04","040","St. Michaels CDP","62420",,,"St. Michaels CDP","St. Michaels CDP","St. Michaels CDP","St. Michaels CDP",,,1119,1295,1443,1384
"G04069130",,,,"G04069130","G04069130","G04069130","Arizona","04","040","Stanfield CDP","69130",,,,"Stanfield CDP","Stanfield CDP","Stanfield CDP",,,,651,740,558
"G04069480",,,,,"G04069480","G04069480","Arizona","04","040","Star Valley town","69480",,,,,"Star Valley town","Star Valley town",,,,,2310,2484
"G0400350","G0400350","G0400350",,,,,"Arizona","04","040","Stargo","0350","Stargo (U)","STARGO %CDP<",,,,,1194,1038,,,,
"G04069585",,,,"G04069585","G04069585","G04069585","Arizona","04","040","Steamboat CDP","69585",,,,"Steamboat CDP","Steamboat CDP","Steamboat CDP",,,,233,284,235
"G04069872",,,,,"G04069872","G04069872","Arizona","04","040","Stotonic Village CDP","69872",,,,,"Stotonic Village CDP","Stotonic Village CDP",,,,,659,610
"G04070040",,,,"G04070040","G04070040","G04070040","Arizona","04","040","Strawberry CDP","70040",,,,"Strawberry CDP","Strawberry CDP","Strawberry CDP",,,,1028,961,943
"G04070175",,,,,"G04070175","G04070175","Arizona","04","040","Summerhaven CDP","70175",,,,,"Summerhaven CDP","Summerhaven CDP",,,,,40,71
"G04070240",,,,"G04070240","G04070240","G04070240","Arizona","04","040","Summit CDP","70240",,,,"Summit CDP","Summit CDP","Summit CDP",,,,3702,5372,4724
"G04070320","G0400353","G0400351","G04070320","G04070320","G04070320","G04070320","Arizona","04","040","Sun City CDP","70320","Sun City (U)","SUN CITY %CDP<","Sun City CDP","Sun City CDP","Sun City CDP","Sun City CDP",13670,40505,38126,38309,37499,39931
"G04070355",,"G0400352","G04070355","G04070355","G04070355","G04070355","Arizona","04","040","Sun City West CDP","70355",,"SUN CITY WEST %CDP<","Sun City West CDP","Sun City West CDP","Sun City West CDP","Sun City West CDP",,3772,15997,26344,24535,25806
"G04070530",,"G0400354","G04070530","G04070530","G04070530","G04070530","Arizona","04","040","Sun Lakes CDP","70530",,"SUN LAKES %CDP<","Sun Lakes CDP","Sun Lakes CDP","Sun Lakes CDP","Sun Lakes CDP",,1925,6578,11936,13975,14868
"G04071160",,,,"G04071152","G04071160","G04071160","Arizona","04","040","Sun Valley CDP","71160",,,,"Sun Valley CDP","Sun Valley CDP","Sun Valley CDP",,,,1536,316,153
"G04070460",,,,,"G04070460","G04070460","Arizona","04","040","Sunizona CDP","70460",,,,,"Sunizona CDP","Sunizona CDP",,,,,281,233
"G04071020",,,,,,"G04071020","Arizona","04","040","Sunsites CDP","71020",,,,,,"Sunsites CDP",,,,,,790
"G04071220",,,,,"G04071220","G04071220","Arizona","04","040","Sunwest CDP","71220",,,,,"Sunwest CDP","Sunwest CDP",,,,,15,5
"G04071230",,,"G04071230","G04071230","G04071230","G04071230","Arizona","04","040","Supai CDP","71230",,,"Supai CDP","Supai CDP","Supai CDP","Supai CDP",,,423,0,208,0
"G04071300","G0400355","G0400355","G04071300","G04071300","G04071300","G04071300","Arizona","04","040","Superior town","71300","Superior (U)","SUPERIOR TOWN","Superior town","Superior town","Superior town","Superior town",4975,4600,3468,3254,2837,2407
"G04071510","G0400357","G0400357","G04071510","G04071510","G04071510","G04071510","Arizona","04","040","Surprise city","71510","Surprise","SURPRISE TOWN","Surprise town","Surprise city","Surprise city","Surprise city",2427,3723,7122,30848,117517,143148
"G04071642",,,,,"G04071642","G04071642","Arizona","04","040","Sweet Water Village CDP","71642",,,,,"Sweet Water Village CDP","Sweet Water Village CDP",,,,,83,123
"G04071650",,,"G04071650","G04071650","G04071650","G04071650","Arizona","04","040","Swift Trail Junction CDP","71650",,,"Swift Trail Junction CDP","Swift Trail Junction CDP","Swift Trail Junction CDP","Swift Trail Junction CDP",,,1203,2195,2935,2810
"G04071790",,,,"G04071790","G04071790","G04071790","Arizona","04","040","Tacna CDP","71790",,,,"Tacna CDP","Tacna CDP","Tacna CDP",,,,555,602,425
"G04072000",,,,"G04072000","G04072000","G04072000","Arizona","04","040","Tanque Verde CDP","72000",,,,"Tanque Verde CDP","Tanque Verde CDP","Tanque Verde CDP",,,,16195,16901,16250
"G04072280",,,,,"G04072280","G04072280","Arizona","04","040","Tat Momoli CDP","72280",,,,,"Tat Momoli CDP","Tat Momoli CDP",,,,,10,18
"G04072420","G0400358","G0400358","G04072420","G04072420","G04072420","G04072420","Arizona","04","040","Taylor town","72420","Taylor","TAYLOR TOWN","Taylor town","Taylor town","Taylor town","Taylor town",,1915,2418,3176,4112,3995
"G04072560",,,"G04072560","G04072560","G04072560","G04072560","Arizona","04","040","Teec Nos Pos CDP","72560",,,"Teec Nos Pos CDP","Teec Nos Pos CDP","Teec Nos Pos CDP","Teec Nos Pos CDP",,,317,799,730,507
"G04072630",,,,,"G04072630","G04072630","Arizona","04","040","Tees Toh CDP","72630",,,,,"Tees Toh CDP","Tees Toh CDP",,,,,448,420
"G04073000","G0400360","G0400360","G04073000","G04073000","G04073000","G04073000","Arizona","04","040","Tempe city","73000","Tempe","TEMPE CITY","Tempe city","Tempe city","Tempe city","Tempe city",62907,106743,141865,158625,161719,180587
"G04073420","G0400365","G0400365","G04073420","G04073420","G04073420","G04073420","Arizona","04","040","Thatcher town","73420","Thatcher","THATCHER TOWN","Thatcher town","Thatcher town","Thatcher town","Thatcher town",2320,3374,3763,4022,4865,5231
"G04073490",,,,,"G04073480","G04073490","Arizona","04","040","Theba CDP","73490",,,,,"Theba CDP","Theba CDP",,,,,158,111
"G04073700",,,"G04073700","G04073700","G04073700","G04073700","Arizona","04","040","Three Points CDP","73700",,,"Three Points CDP","Three Points CDP","Three Points CDP","Three Points CDP",,,2175,5273,5581,5184
"G04073890",,,,,,"G04073890","Arizona","04","040","Timberline-Fernwood CDP","73890",,,,,,"Timberline-Fernwood CDP",,,,,,2572
"G04074120",,,,,"G04074120","G04074120","Arizona","04","040","Tolani Lake CDP","74120",,,,,"Tolani Lake CDP","Tolani Lake CDP",,,,,280,227
"G04074190","G0400370","G0400370","G04074190","G04074190","G04074190","G04074190","Arizona","04","040","Tolleson city","74190","Tolleson","TOLLESON CITY","Tolleson city","Tolleson city","Tolleson city","Tolleson city",3881,4433,4434,4974,6545,7216
"G04074400","G0400375","G0400375","G04074400","G04074400","G04074400","G04074400","Arizona","04","040","Tombstone city","74400","Tombstone","TOMBSTONE CITY","Tombstone city","Tombstone city","Tombstone city","Tombstone city",1241,1632,1220,1504,1380,1308
"G04074470",,,,"G04074470","G04074470","G04074470","Arizona","04","040","Tonalea CDP","74470",,,,"Tonalea CDP","Tonalea CDP","Tonalea CDP",,,,562,549,451
"G04074540",,,,,"G04074540","G04074540","Arizona","04","040","Tonopah CDP","74540",,,,,"Tonopah CDP","Tonopah CDP",,,,,60,23
"G04074610",,,,"G04074610","G04074610","G04074610","Arizona","04","040","Tonto Basin CDP","74610",,,,"Tonto Basin CDP","Tonto Basin CDP","Tonto Basin CDP",,,,840,1424,1444
"G04074665",,,,,"G04074665","G04074665","Arizona","04","040","Tonto Village CDP","74665",,,,,"Tonto Village CDP","Tonto Village CDP",,,,,256,209
"G04074820",,,,"G04074820","G04074820","G04074820","Arizona","04","040","Top-of-the-World CDP","74820",,,,"Top-of-the-World CDP","Top-of-the-World CDP","Top-of-the-World CDP",,,,330,231,189
"G04074680",,,,,"G04074680","G04074680","Arizona","04","040","Topawa CDP","74680",,,,,"Topawa CDP","Topawa CDP",,,,,299,233
"G04074750",,,,,"G04074750","G04074750","Arizona","04","040","Topock CDP","74750",,,,,"Topock CDP","Topock CDP",,,,,10,2
"G04074975",,,,"G04074975",,,"Arizona","04","040","Tortolita CDP","74975",,,,"Tortolita CDP",,,,,,3740,,
"G04075310",,,,,"G04075310","G04075310","Arizona","04","040","Toyei CDP","75310",,,,,"Toyei CDP","Toyei CDP",,,,,13,2
"G04075590",,,,,"G04075590","G04075590","Arizona","04","040","Truxton CDP","75590",,,,,"Truxton CDP","Truxton CDP",,,,,134,104
"G04075660",,,"G04075600","G04075660","G04075660","G04075660","Arizona","04","040","Tsaile CDP","75660",,,"Tsaile CDP","Tsaile CDP","Tsaile CDP","Tsaile CDP",,,1043,1078,1205,1408
"G04076010",,"G0400378","G04076010","G04076010","G04076010","G04076010","Arizona","04","040","Tuba City CDP","76010",,"TUBA CITY %CDP<","Tuba City CDP","Tuba City CDP","Tuba City CDP","Tuba City CDP",,5045,7323,8225,8611,8072
"G04075940",,,,"G04075940","G04075940","G04075940","Arizona","04","040","Tubac CDP","75940",,,,"Tubac CDP","Tubac CDP","Tubac CDP",,,,949,1191,1581
"G04077035",,"G0400381","G04077035","G04077035","G04077035","G04077035","Arizona","04","040","Tucson Estates CDP","77035",,"TUCSON ESTATES %CDP<","Tucson Estates CDP","Tucson Estates CDP","Tucson Estates CDP","Tucson Estates CDP",,2814,2662,9755,12192,12069
"G04077179",,,,,,"G04077179","Arizona","04","040","Tucson Mountains CDP","77179",,,,,,"Tucson Mountains CDP",,,,,,10862
"G04077000","G0400380","G0400380","G04077000","G04077000","G04077000","G04077000","Arizona","04","040","Tucson city","77000","Tucson","TUCSON CITY","Tucson city","Tucson city","Tucson city","Tucson city",262933,330537,405390,486699,520116,542629
"G04077367",,,,"G04077367","G04077367","G04077367","Arizona","04","040","Tumacacori-Carmen CDP","77367",,,,"Tumacacori-Carmen CDP","Tumacacori-Carmen CDP","Tumacacori-Carmen CDP",,,,569,393,329
"G04077415",,,,,"G04077415","G04077415","Arizona","04","040","Turkey Creek CDP","77415",,,,,"Turkey Creek CDP","Turkey Creek CDP",,,,,294,377
"G04077490",,,,"G04077490","G04077490","G04077490","Arizona","04","040","Tusayan town","77490",,,,"Tusayan CDP","Tusayan CDP","Tusayan town",,,,562,558,603
"G04078300",,,,,"G04078300","G04078300","Arizona","04","040","Upper Santan Village CDP","78300",,,,,"Upper Santan Village CDP","Upper Santan Village CDP",,,,,495,665
"G04078400",,,,,"G04078400","G04078400","Arizona","04","040","Utting CDP","78400",,,,,"Utting CDP","Utting CDP",,,,,126,92
"G04078540",,,,"G04078540","G04078540","G04078540","Arizona","04","040","Vail CDP","78540",,,,"Vail CDP","Vail CDP","Vail CDP",,,,2484,10208,13604
"G04078680",,,,,"G04078680","G04078680","Arizona","04","040","Vaiva Vo CDP","78680",,,,,"Vaiva Vo CDP","Vaiva Vo CDP",,,,,128,93
"G04078760",,,"G04078760","G04078760","G04078760","G04078760","Arizona","04","040","Valencia West CDP","78760",,,"Valencia West CDP","Valencia West CDP","Valencia West CDP","Valencia West CDP",,,3277,2380,9355,14101
"G04078820",,,,,"G04078820","G04078820","Arizona","04","040","Valentine CDP","78820",,,,,"Valentine CDP","Valentine CDP",,,,,38,39
"G04078855",,,,,"G04078855","G04078855","Arizona","04","040","Valle CDP","78855",,,,,"Valle CDP","Valle CDP",,,,,832,759
"G04078865",,,,,"G04078865","G04078865","Arizona","04","040","Valle Vista CDP","78865",,,,,"Valle Vista CDP","Valle Vista CDP",,,,,1659,1802
"G04079590",,,,,"G04079590","G04079590","Arizona","04","040","Ventana CDP","79590",,,,,"Ventana CDP","Ventana CDP",,,,,49,52
"G04079830",,,,,"G04079830","G04079830","Arizona","04","040","Verde Village CDP","79830",,,,,"Verde Village CDP","Verde Village CDP",,,,,11605,12019
"G04079870",,,,,"G04079870","G04079870","Arizona","04","040","Vernon CDP","79870",,,,,"Vernon CDP","Vernon CDP",,,,,122,126
"G04079940",,,,,"G04079940","G04079940","Arizona","04","040","Vicksburg CDP","79940",,,,,"Vicksburg CDP","Vicksburg CDP",,,,,597,418
"G04080095",,,,,"G04080095","G04080095","Arizona","04","040","Village of Oak Creek (Big Park) CDP","80095",,,,,"Village of Oak Creek (Big Park) CDP","Village of Oak Creek (Big Park) CDP",,,,,6147,6128
"G04080380",,,,,"G04080380","G04080380","Arizona","04","040","Wagon Wheel CDP","80380",,,,,"Wagon Wheel CDP","Wagon Wheel CDP",,,,,1652,1856
"G04080430",,,,,"G04080430","G04080430","Arizona","04","040","Wahak Hotrontk CDP","80430",,,,,"Wahak Hotrontk CDP","Wahak Hotrontk CDP",,,,,114,88
"G04080790",,,,,"G04080790","G04080790","Arizona","04","040","Wall Lane CDP","80790",,,,,"Wall Lane CDP","Wall Lane CDP",,,,,415,262
"G04080825",,,,,"G04080825","G04080825","Arizona","04","040","Walnut Creek CDP","80825",,,,,"Walnut Creek CDP","Walnut Creek CDP",,,,,562,571
"G04081175",,,,,"G04081175","G04081175","Arizona","04","040","Washington Park CDP","81175",,,,,"Washington Park CDP","Washington Park CDP",,,,,70,85
"G04081490",,,,,"G04081490","G04081490","Arizona","04","040","Wellton Hills CDP","81490",,,,,"Wellton Hills CDP","Wellton Hills CDP",,,,,258,167
"G04081480",,"G0400383","G04081480","G04081480","G04081480","G04081480","Arizona","04","040","Wellton town","81480",,"WELLTON TOWN","Wellton town","Wellton town","Wellton town","Wellton town",,911,1066,1829,2882,2375
"G04081550",,,,"G04081550","G04081550","G04081550","Arizona","04","040","Wenden CDP","81550",,,,"Wenden CDP","Wenden CDP","Wenden CDP",,,,556,728,458
"G0400385","G0400385",,,,,,"Arizona","04","040","West Yuma (U)","0385","West Yuma (U)",,,,,,5552,,,,,
"G04082060",,,,,"G04082060","G04082060","Arizona","04","040","Wet Camp Village CDP","82060",,,,,"Wet Camp Village CDP","Wet Camp Village CDP",,,,,229,300
"G04082120",,,,,"G04082120","G04082120","Arizona","04","040","Wheatfields CDP","82120",,,,,"Wheatfields CDP","Wheatfields CDP",,,,,785,556
"G04082156",,,"G04082155","G04082155","G04082155","G04082156","Arizona","04","040","Whetstone CDP","82156",,,"Whetstone CDP","Whetstone CDP","Whetstone CDP","Whetstone CDP",,,1289,2354,2617,3236
"G04082270",,,,,"G04082270","G04082270","Arizona","04","040","Whispering Pines CDP","82270",,,,,"Whispering Pines CDP","Whispering Pines CDP",,,,,148,124
"G04082425",,,,,"G04082425","G04082425","Arizona","04","040","White Hills CDP","82425",,,,,"White Hills CDP","White Hills CDP",,,,,323,345
"G04082450",,,,,"G04082450","G04082450","Arizona","04","040","White Mountain Lake CDP","82450",,,,,"White Mountain Lake CDP","White Mountain Lake CDP",,,,,2205,2335
"G04082390",,,,,"G04082390","G04082390","Arizona","04","040","Whitecone CDP","82390",,,,,"Whitecone CDP","Whitecone CDP",,,,,817,768
"G04082530",,"G0400387","G04082530","G04082530","G04082530","G04082530","Arizona","04","040","Whiteriver CDP","82530",,"WHITERIVER %CDP<","Whiteriver CDP","Whiteriver CDP","Whiteriver CDP","Whiteriver CDP",,2256,3775,5220,4104,4520
"G04082670",,,,,"G04082660","G04082670","Arizona","04","040","Why CDP","82670",,,,,"Why CDP","Why CDP",,,,,167,122
"G04082740","G0400390","G0400390","G04082740","G04082740","G04082740","G04082740","Arizona","04","040","Wickenburg town","82740","Wickenburg","WICKENBURG TOWN","Wickenburg town","Wickenburg town","Wickenburg town","Wickenburg town",2698,3535,4515,5082,6363,7474
"G04082810",,,,,"G04082810","G04082810","Arizona","04","040","Wide Ruins CDP","82810",,,,,"Wide Ruins CDP","Wide Ruins CDP",,,,,176,20
"G04082880",,,,,"G04082880","G04082880","Arizona","04","040","Wikieup CDP","82880",,,,,"Wikieup CDP","Wikieup CDP",,,,,133,135
"G04082950",,,,"G04082950","G04082950","G04082950","Arizona","04","040","Wilhoit CDP","82950",,,,"Wilhoit CDP","Wilhoit CDP","Wilhoit CDP",,,,664,868,864
"G04083090","G0400395","G0400395","G04083090","G04083090","G04083090","G04083090","Arizona","04","040","Willcox city","83090","Willcox","WILLCOX CITY","Willcox city","Willcox city","Willcox city","Willcox city",2568,3243,3122,3733,3757,3213
"G0400401","G0400401","G0400401",,,,,"Arizona","04","040","Williams AFB","0401","Williams (U)","WILLIAMS AFB %CDP<",,,,,3443,3435,,,,
"G04083160","G0400400","G0400400","G04083160","G04083160","G04083160","G04083160","Arizona","04","040","Williams city","83160","Williams","WILLIAMS CITY","Williams city","Williams city","Williams city","Williams city",2386,2266,2532,2842,3023,3202
"G04083388",,,,"G04083388","G04083388","G04083388","Arizona","04","040","Williamson CDP","83388",,,,"Williamson CDP","Williamson CDP","Williamson CDP",,,,3776,5438,6196
"G04083475",,,,,"G04083475","G04083475","Arizona","04","040","Willow Canyon CDP","83475",,,,,"Willow Canyon CDP","Willow Canyon CDP",,,,,1,2
"G04083570",,,"G04083570","G04083570","G04083570","G04083570","Arizona","04","040","Willow Valley CDP","83570",,,"Willow Valley CDP","Willow Valley CDP","Willow Valley CDP","Willow Valley CDP",,,355,585,1062,1059
"G04083720",,"G0400403","G04083720","G04083720","G04083720","G04083720","Arizona","04","040","Window Rock CDP","83720",,"WINDOW ROCK %CDP<","Window Rock CDP","Window Rock CDP","Window Rock CDP","Window Rock CDP",,2230,3306,3059,2712,2500
"G04083790","G0400405","G0400405","G04083790","G04083790","G04083790","G04083790","Arizona","04","040","Winkelman town","83790","Winkelman","WINKELMAN TOWN","Winkelman town","Winkelman town","Winkelman town","Winkelman town",,1060,676,443,353,296
"G04083960",,,,"G04083960","G04083960","G04083960","Arizona","04","040","Winslow West CDP","83960",,,,"Winslow West CDP","Winslow West CDP","Winslow West CDP",,,,131,438,457
"G04083930","G0400410","G0400410","G04083930","G04083930","G04083930","G04083930","Arizona","04","040","Winslow city","83930","Winslow","WINSLOW CITY","Winslow city","Winslow city","Winslow city","Winslow city",8066,7921,8190,9520,9655,9005
"G04084000",,,,,"G04084000","G04084000","Arizona","04","040","Wintersburg CDP","84000",,,,,"Wintersburg CDP","Wintersburg CDP",,,,,136,51
"G04084140",,,,,"G04084140","G04084140","Arizona","04","040","Wittmann CDP","84140",,,,,"Wittmann CDP","Wittmann CDP",,,,,763,684
"G04084350",,,,,"G04084350","G04084350","Arizona","04","040","Woodruff CDP","84350",,,,,"Woodruff CDP","Woodruff CDP",,,,,191,154
"G04084980",,,,"G04084980","G04084980","G04084980","Arizona","04","040","Yarnell CDP","84980",,,,"Yarnell CDP","Yarnell CDP","Yarnell CDP",,,,645,649,570
"G04085260",,,,,"G04085260","G04085260","Arizona","04","040","York CDP","85260",,,,,"York CDP","York CDP",,,,,557,599
"G04085330",,,,"G04085330","G04085330","G04085330","Arizona","04","040","Young CDP","85330",,,,"Young CDP","Young CDP","Young CDP",,,,561,666,588
"G04085400","G0400412","G0400412","G04085400","G04085400","G04085400","G04085400","Arizona","04","040","Youngtown town","85400","Youngtown","YOUNGTOWN TOWN","Youngtown town","Youngtown town","Youngtown town","Youngtown town",1886,2254,2542,3010,6156,7056
"G04085470",,,,,"G04085470","G04085470","Arizona","04","040","Yucca CDP","85470",,,,,"Yucca CDP","Yucca CDP",,,,,126,96
"G04085680","G0400425","G0400425",,,,"G04085680","Arizona","04","040","Yuma Proving Ground CDP","85680","Yuma Proving Ground (U)","YUMA PROVING GROUND %CDP<",,,,"Yuma Proving Ground CDP",1349,1098,,,,313
"G0400430","G0400430",,,,,,"Arizona","04","040","Yuma Station (U)","0430","Yuma Station (U)",,,,,,3460,,,,,
"G04085540","G0400415","G0400415","G04085540","G04085540","G04085540","G04085540","Arizona","04","040","Yuma city","85540","Yuma","YUMA CITY","Yuma city","Yuma city","Yuma city","Yuma city",29007,42433,54923,77515,93064,95548